time,latency,jitter,packet_loss
21618.282793045044,2.002868175506592,0,0
21618.725158929825,2.0047669410705566,0.0018987655639648438,0
21619.008668899536,2.0024209022521973,0.002346038818359375,0
21619.052927970886,2.001728057861328,0.0006928443908691406,0
21619.365740060806,2.001753091812134,2.5033950805664062e-05,0
21619.600687026978,2.0053980350494385,0.0036449432373046875,0
21619.834389925003,2.001565933227539,0.003832101821899414,0
21619.874528884888,2.0018649101257324,0.0002989768981933594,0
21620.315438985825,2.001615047454834,0.0002498626708984375,0
21620.561665058136,2.001439094543457,0.00017595291137695312,0
21620.667488098145,2.0012991428375244,0.0001399517059326172,0
21620.92822790146,2.0046489238739014,0.003349781036376953,0
21620.982434034348,2.002800941467285,0.001847982406616211,0
21621.36863899231,2.003542900085449,0.0007419586181640625,0
21621.85830307007,2.0152549743652344,0.011712074279785156,0
21622.03710603714,2.009683132171631,0.005571842193603516,0
21622.105084896088,2.003790855407715,0.005892276763916016,0
21622.403145074844,2.001579999923706,0.002210855484008789,0
21622.581748008728,2.0035600662231445,0.0019800662994384766,0
21623.03068304062,2.003549098968506,1.0967254638671875e-05,0
21623.50984787941,2.004714012145996,0.0011649131774902344,0
21623.82253599167,2.0055720806121826,0.0008580684661865234,0
21624.106170892715,2.0041298866271973,0.0014421939849853516,0
21624.463449954987,2.00742506980896,0.0032951831817626953,0
21624.912837982178,2.0081961154937744,0.0007710456848144531,0
21625.228120088577,2.0055980682373047,0.0025980472564697266,0
21625.53663802147,2.0025980472564697,0.003000020980834961,0
21625.701703071594,2.001211166381836,0.001386880874633789,0
21626.020785093307,2.009082078933716,0.007870912551879883,0
21626.489197015762,2.0016870498657227,0.007395029067993164,0
21626.879910945892,2.002208948135376,0.0005218982696533203,0
21627.238632917404,2.0030839443206787,0.0008749961853027344,0
21627.668745040894,2.0063469409942627,0.0032629966735839844,0
21627.829078912735,2.0111289024353027,0.004781961441040039,0
21627.9500310421,2.006953001022339,0.004175901412963867,0
21628.041955947876,2.0010290145874023,0.0059239864349365234,0
21628.195210933685,2.0072999000549316,0.006270885467529297,0
21628.569869995117,2.0014679431915283,0.00583195686340332,0
21628.620949029922,2.0043089389801025,0.0028409957885742188,0
21628.728514909744,2.0154168605804443,0.011107921600341797,0
21628.866122961044,2.0103020668029785,0.00511479377746582,0
21629.16069507599,2.001253128051758,0.009048938751220703,0
21629.258682012558,2.000944137573242,0.000308990478515625,0
21629.427259922028,2.0009658336639404,2.1696090698242188e-05,0
21629.469822883606,2.0012168884277344,0.0002510547637939453,0
21629.871928930283,2.0032589435577393,0.002042055130004883,0
21629.91801905632,2.0040781497955322,0.0008192062377929688,0
21630.37062907219,2.0048739910125732,0.0007958412170410156,0
21630.802573919296,2.0020859241485596,0.002788066864013672,0
21631.109855890274,2.00163197517395,0.000453948974609375,0
21631.50496697426,2.0021090507507324,0.00047707557678222656,0
21631.78996706009,2.0009560585021973,0.0011529922485351562,0
21631.871558904648,2.000826835632324,0.00012922286987304688,0
21632.30745601654,2.0016350746154785,0.0008082389831542969,0
21632.446579933167,2.0019149780273438,0.0002799034118652344,0
21632.788524866104,2.001516819000244,0.0003981590270996094,0
21633.284535884857,2.0048558712005615,0.003339052200317383,0
21633.32988190651,2.003566026687622,0.0012898445129394531,0
21633.464704990387,2.003592014312744,2.5987625122070312e-05,0
21633.576816082,2.0041770935058594,0.0005850791931152344,0
21633.68319106102,2.0017781257629395,0.002398967742919922,0
21634.094934940338,2.0058159828186035,0.0040378570556640625,0
21634.525240898132,2.00136399269104,0.0044519901275634766,0
21634.791480064392,2.000899076461792,0.0004649162292480469,0
21634.852360010147,2.002371072769165,0.0014719963073730469,0
21634.97275209427,2.0028371810913086,0.0004661083221435547,0
21635.451847076416,2.0032219886779785,0.0003848075866699219,0
21635.57835006714,2.008493185043335,0.005271196365356445,0
21635.989700078964,2.000807046890259,0.007686138153076172,0
21636.102875947952,2.003390073776245,0.002583026885986328,0
21636.466384887695,2.0043818950653076,0.0009918212890625,0
21636.758848905563,2.002281904220581,0.0020999908447265625,0
21637.16596198082,2.004014015197754,0.0017321109771728516,0
21637.55207490921,2.0127079486846924,0.008693933486938477,0
21637.6414809227,2.0008339881896973,0.011873960494995117,0
21637.769357919693,2.0047738552093506,0.00393986701965332,0
21637.97963309288,2.006500005722046,0.0017261505126953125,0
21638.41011095047,2.0076708793640137,0.0011708736419677734,0
21638.723360061646,2.001195192337036,0.006475687026977539,0
21639.10616493225,2.0124669075012207,0.01127171516418457,0
21639.235106945038,2.004683017730713,0.0077838897705078125,0
21639.503916978836,2.0077428817749023,0.003059864044189453,0
21639.566062927246,2.0114378929138184,0.0036950111389160156,0
21639.710396051407,2.005845069885254,0.005592823028564453,0
21639.83033299446,2.004348039627075,0.001497030258178711,0
21639.992675065994,2.0158350467681885,0.011487007141113281,0
21640.098062992096,2.0018858909606934,0.013949155807495117,0
21640.473394870758,2.0026638507843018,0.0007779598236083984,0
21640.936979055405,2.002315044403076,0.00034880638122558594,0
21641.42446088791,2.011145830154419,0.008830785751342773,0
21641.57216501236,2.0076749324798584,0.003470897674560547,0
21641.84606909752,2.0014171600341797,0.006257772445678711,0
21642.08795595169,2.0073719024658203,0.005954742431640625,0
21642.220556020737,2.0016369819641113,0.005734920501708984,0
21642.39368891716,2.003571033477783,0.001934051513671875,0
21642.75837802887,2.0104820728302,0.006911039352416992,0
21643.013997077942,2.0036439895629883,0.006838083267211914,0
21643.0903840065,2.0017130374908447,0.0019309520721435547,0
21643.157051086426,2.001224994659424,0.00048804283142089844,0
21643.380702972412,2.004132032394409,0.0029070377349853516,0
21643.845037937164,2.001354932785034,0.002777099609375,0
21644.3343000412,2.000838041305542,0.0005168914794921875,0
21644.656836032867,2.004209041595459,0.003371000289916992,0
21644.864202022552,2.007941961288452,0.003732919692993164,0
21645.25050997734,2.0088319778442383,0.0008900165557861328,0
21645.685271024704,2.0100250244140625,0.0011930465698242188,0
21645.793647050858,2.0091259479522705,0.0008990764617919922,0
21645.961778879166,2.0063560009002686,0.002769947052001953,0
21646.020895004272,2.0009191036224365,0.005436897277832031,0
21646.324997901917,2.0029468536376953,0.002027750015258789,0
21646.730423927307,2.004936933517456,0.001990079879760742,0
21646.96753692627,2.0068979263305664,0.0019609928131103516,0
21647.007385969162,2.0061779022216797,0.0007200241088867188,0
21647.271774053574,2.001000165939331,0.005177736282348633,0
21647.367841959,2.0031559467315674,0.002155780792236328,0
21647.533859968185,2.0044848918914795,0.0013289451599121094,0
21647.736814022064,2.0062990188598633,0.001814126968383789,0
21648.027268886566,2.002527952194214,0.003771066665649414,0
21648.11388707161,2.002568006515503,4.00543212890625e-05,0
21648.27448105812,2.001948118209839,0.0006198883056640625,0
21648.50869703293,2.005735158920288,0.0037870407104492188,0
21648.777365922928,2.0053858757019043,0.00034928321838378906,0
21649.192740917206,2.0351450443267822,0.02975916862487793,0
21649.48651099205,2.005510091781616,0.029634952545166016,0
21649.8142850399,2.004672050476074,0.0008380413055419922,0
21649.91598892212,2.0036468505859375,0.0010251998901367188,0
21650.37836408615,2.001244068145752,0.002402782440185547,0
21650.50674891472,2.0027928352355957,0.00154876708984375,0
21650.694583892822,2.0009570121765137,0.0018358230590820312,0
21650.877155065536,2.001466989517212,0.0005099773406982422,0
21651.352021932602,2.0037529468536377,0.0022859573364257812,0
21651.596127986908,2.023468017578125,0.019715070724487305,0
21651.695604085922,2.009214162826538,0.014253854751586914,0
21651.953008890152,2.006976842880249,0.0022373199462890625,0
21652.097512960434,2.001232862472534,0.005743980407714844,0
21652.187351942062,2.011384963989258,0.010152101516723633,0
21652.22327208519,2.0105841159820557,0.0008008480072021484,0
21652.440191030502,2.002380132675171,0.008203983306884766,0
21652.538664102554,2.00111722946167,0.0012629032135009766,0
21652.885048866272,2.0054359436035156,0.004318714141845703,0
21653.1066300869,2.0033349990844727,0.0021009445190429688,0
21653.280606985092,2.002454996109009,0.0008800029754638672,0
21653.641957998276,2.0037999153137207,0.001344919204711914,0
21653.8292388916,2.0027449131011963,0.001055002212524414,0
21653.92906498909,2.004457950592041,0.0017130374908447266,0
21654.064182043076,2.0031580924987793,0.0012998580932617188,0
21654.45754790306,2.0024099349975586,0.0007481575012207031,0
21654.513647079468,2.002810001373291,0.0004000663757324219,0
21654.93574810028,2.0041041374206543,0.0012941360473632812,0
21655.440716028214,2.0103070735931396,0.0062029361724853516,0
21655.51342701912,2.0013461112976074,0.008960962295532227,0
21655.713036060333,2.0020241737365723,0.0006780624389648438,0
21656.184705018997,2.003829002380371,0.0018048286437988281,0
21656.528511047363,2.0022401809692383,0.0015888214111328125,0
21656.692421913147,2.0050978660583496,0.002857685089111328,0
21656.769182920456,2.00191593170166,0.003181934356689453,0
21656.80707502365,2.0022289752960205,0.00031304359436035156,0
21657.04732298851,2.005981922149658,0.0037529468536376953,0
21657.328940868378,2.005795955657959,0.00018596649169921875,0
21657.47670507431,2.025547981262207,0.019752025604248047,0
21657.840946912766,2.0019969940185547,0.023550987243652344,0
21658.056547880173,2.001887798309326,0.00010919570922851562,0
21658.505691051483,2.000969171524048,0.0009186267852783203,0
21658.945250034332,2.002479076385498,0.0015099048614501953,0
21659.427252054214,2.0098659992218018,0.007386922836303711,0
21659.567514896393,2.003868818283081,0.005997180938720703,0
21659.683150053024,2.0058541297912598,0.001985311508178711,0
21659.905477046967,2.0028109550476074,0.0030431747436523438,0
21659.961463928223,2.005368947982788,0.002557992935180664,0
21660.32805609703,2.007798194885254,0.0024292469024658203,0
21660.38309288025,2.0010077953338623,0.0067903995513916016,0
21660.830157995224,2.0057809352874756,0.004773139953613281,0
21660.958276987076,2.0097670555114746,0.0039861202239990234,0
21661.44391989708,2.006989002227783,0.0027780532836914062,0
21661.64235186577,2.0060689449310303,0.0009200572967529297,0
21661.753450870514,2.002163887023926,0.003905057907104492,0
21662.099670886993,2.0023138523101807,0.0001499652862548828,0
21662.576178073883,2.0012011528015137,0.0011126995086669922,0
21662.682480096817,2.006240129470825,0.0050389766693115234,0
21662.99146604538,2.004711151123047,0.0015289783477783203,0
21663.338188886642,2.024594783782959,0.01988363265991211,0
21663.749423980713,2.000883102416992,0.023711681365966797,0
21663.891304016113,2.0008111000061035,7.200241088867188e-05,0
21664.103872060776,2.006049156188965,0.005238056182861328,0
21664.204761981964,2.0037930011749268,0.002256155014038086,0
21664.252078056335,2.0010011196136475,0.002791881561279297,0
21664.67851305008,2.001461982727051,0.0004608631134033203,0
21665.14023089409,2.0047318935394287,0.0032699108123779297,0
21665.369632959366,2.00380802154541,0.0009238719940185547,0
21665.695759058,2.002056121826172,0.0017518997192382812,0
21666.00575208664,2.001132011413574,0.0009241104125976562,0
21666.13258910179,2.0041980743408203,0.0030660629272460938,0
21666.52940607071,2.002845048904419,0.0013530254364013672,0
21666.681844949722,2.001204013824463,0.0016410350799560547,0
21666.7283411026,2.001207113265991,3.0994415283203125e-06,0
21667.133272886276,2.001985788345337,0.0007786750793457031,0
21667.36070394516,2.0020029544830322,1.71661376953125e-05,0
21667.734726905823,2.0016229152679443,0.0003800392150878906,0
21667.888597011566,2.0091140270233154,0.007491111755371094,0
21668.109025001526,2.003840923309326,0.005273103713989258,0
21668.446158885956,2.0011298656463623,0.002711057662963867,0
21668.78348493576,2.0315558910369873,0.030426025390625,0
21668.91393494606,2.013406991958618,0.01814889907836914,0
21669.2728099823,2.001987934112549,0.011419057846069336,0
21669.493783950806,2.00164794921875,0.0003399848937988281,0
21669.5416328907,2.0106170177459717,0.00896906852722168,0
21669.59716796875,2.0011870861053467,0.009429931640625,0
21669.751226902008,2.0019278526306152,0.0007407665252685547,0
21670.083321094513,2.012458086013794,0.010530233383178711,0
21670.395514965057,2.0394608974456787,0.027002811431884766,0
21670.556443929672,2.017340898513794,0.022119998931884766,0
21670.689430952072,2.0026040077209473,0.01473689079284668,0
21671.063562870026,2.001722812652588,0.000881195068359375,0
21671.37878203392,2.0011069774627686,0.0006158351898193359,0
21671.50596690178,2.0031189918518066,0.002012014389038086,0
21671.744908094406,2.0027811527252197,0.00033783912658691406,0
21671.833983898163,2.004119873046875,0.0013387203216552734,0
21672.27297091484,2.0010650157928467,0.0030548572540283203,0
21672.519634962082,2.0023598670959473,0.001294851303100586,0
21673.034821987152,2.055166006088257,0.05280613899230957,0
21673.421683073044,2.0032081604003906,0.05195784568786621,0
21673.635797023773,2.01613712310791,0.012928962707519531,0
21673.936626911163,2.0062408447265625,0.009896278381347656,0
21674.27516102791,2.0056960582733154,0.0005447864532470703,0
21674.52540898323,2.0031299591064453,0.002566099166870117,0
21674.63388609886,2.007371187210083,0.004241228103637695,0
21674.689038991928,2.00142502784729,0.005946159362792969,0
21675.13730788231,2.0074269771575928,0.006001949310302734,0
21675.400686979294,2.0219380855560303,0.0145111083984375,0
21675.87808895111,2.0037970542907715,0.01814103126525879,0
21676.330029964447,2.0012900829315186,0.0025069713592529297,0
21676.513421058655,2.0012621879577637,2.7894973754882812e-05,0
21676.824203968048,2.0024139881134033,0.0011518001556396484,0
21676.952611923218,2.006683826446533,0.004269838333129883,0
21677.224937915802,2.0137970447540283,0.007113218307495117,0
21677.659018993378,2.0236780643463135,0.009881019592285156,0
21677.761616945267,2.0192599296569824,0.004418134689331055,0
21677.874722003937,2.0028929710388184,0.016366958618164062,0
21678.33615207672,2.036010980606079,0.03311800956726074,0
21678.744417905807,2.0113089084625244,0.024702072143554688,0
21678.956625938416,2.0020370483398438,0.009271860122680664,0
21679.308995962143,2.005281925201416,0.0032448768615722656,0
21679.79499387741,2.003304958343506,0.0019769668579101562,0
21680.062706947327,2.0031628608703613,0.00014209747314453125,0
21680.158529043198,2.0160231590270996,0.012860298156738281,0
21680.61376810074,2.011038064956665,0.00498509407043457,0
21680.75092792511,2.006434917449951,0.004603147506713867,0
21680.99139690399,2.0032458305358887,0.0031890869140625,0
21681.3130300045,2.009413957595825,0.0061681270599365234,0
21681.44309401512,2.008307933807373,0.0011060237884521484,0
21681.692305088043,2.0036840438842773,0.004623889923095703,0
21681.81609392166,2.0012779235839844,0.0024061203002929688,0
21682.216350078583,2.0011770725250244,0.00010085105895996094,0
21682.555244922638,2.006088972091675,0.004911899566650391,0
21682.75196003914,2.0031681060791016,0.002920866012573242,0
21683.199838876724,2.002121925354004,0.0010461807250976562,0
21683.589158058167,2.0049540996551514,0.002832174301147461,0
21683.8926320076,2.0037200450897217,0.0012340545654296875,0
21684.09744501114,2.0062899589538574,0.002569913864135742,0
21684.452395915985,2.003361940383911,0.002928018569946289,0
21685.14317202568,2.262092113494873,0.2587301731109619,0
21685.264860868454,2.0099599361419678,0.2521321773529053,0
21685.497881889343,2.069800853729248,0.05984091758728027,0
21685.828049898148,2.0050909519195557,0.06470990180969238,0
21686.21833205223,2.024507999420166,0.01941704750061035,0
21686.471101999283,2.0375430583953857,0.013035058975219727,0
21687.150834083557,2.012928009033203,0.024615049362182617,0
21687.636744976044,2.0118789672851562,0.001049041748046875,0
21687.799155950546,2.003087043762207,0.008791923522949219,0
21687.95404100418,2.00662899017334,0.0035419464111328125,0
21688.4188079834,2.001657009124756,0.004971981048583984,0
21688.863576889038,2.002079963684082,0.0004229545593261719,0
21689.132591962814,2.003671884536743,0.0015919208526611328,0
21689.50522994995,2.0017800331115723,0.0018918514251708984,0
21689.559676885605,2.0025789737701416,0.0007989406585693359,0
21690.034697055817,2.009040117263794,0.006461143493652344,0
21690.398462057114,2.0073370933532715,0.001703023910522461,0
21690.487499952316,2.006114959716797,0.0012221336364746094,0
21690.529877901077,2.003607988357544,0.0025069713592529297,0
21690.986653089523,2.0015411376953125,0.0020668506622314453,0
21691.129451990128,2.0013880729675293,0.00015306472778320312,0
21691.510422945023,2.001810073852539,0.0004220008850097656,0
21691.907351017,2.012907028198242,0.011096954345703125,0
21692.134483098984,2.0848021507263184,0.07189512252807617,0
21692.17713689804,2.0043439865112305,0.08045816421508789,0
21692.348870038986,2.001857042312622,0.0024869441986083984,0
21692.745615005493,2.0024290084838867,0.0005719661712646484,0
21693.176759004593,2.004905939102173,0.002476930618286133,0
21693.548738002777,2.003164052963257,0.0017418861389160156,0
21693.676759004593,2.003880023956299,0.0007159709930419922,0
21694.01491498947,2.0057950019836426,0.00191497802734375,0
21694.13318490982,2.0015828609466553,0.004212141036987305,0
21694.54874587059,2.0042359828948975,0.0026531219482421875,0
21694.916146039963,2.0042619705200195,2.5987625122070312e-05,0
21695.36125087738,2.0048069953918457,0.0005450248718261719,0
21695.462157011032,2.005876064300537,0.0010690689086914062,0
21695.547230005264,2.002768039703369,0.0031080245971679688,0
21695.645511865616,2.0070338249206543,0.004265785217285156,0
21696.131000995636,2.0021040439605713,0.004929780960083008,0
21696.322494983673,2.0031330585479736,0.0010290145874023438,0
21696.719110012054,2.0054221153259277,0.0022890567779541016,0
21697.019252061844,2.003365993499756,0.002056121826171875,0
21697.249728918076,2.003955841064453,0.0005898475646972656,0
21697.488734960556,2.0060009956359863,0.002045154571533203,0
21697.61797595024,2.0023789405822754,0.0036220550537109375,0
21698.059988975525,2.001607894897461,0.0007710456848144531,0
21698.57044696808,2.0053610801696777,0.003753185272216797,0
21698.906764030457,2.0057921409606934,0.000431060791015625,0
21699.14637708664,2.002117156982422,0.0036749839782714844,0
21699.64310503006,2.0290610790252686,0.02694392204284668,0
21699.87269592285,2.0350868701934814,0.006025791168212891,0
21700.286572933197,2.0063788890838623,0.02870798110961914,0
21700.33003807068,2.0153989791870117,0.009020090103149414,0
21700.55366897583,2.015618085861206,0.00021910667419433594,0
21700.97748208046,2.002049207687378,0.013568878173828125,0
21701.44069504738,2.002418041229248,0.0003688335418701172,0
21701.639255046844,2.002429962158203,1.1920928955078125e-05,0
21702.083333015442,2.0060110092163086,0.0035810470581054688,0
21702.2384390831,2.010127067565918,0.004116058349609375,0
21702.503460884094,2.0252339839935303,0.015106916427612305,0
21702.917136907578,2.0019898414611816,0.023244142532348633,0
21703.333806991577,2.0252139568328857,0.0232241153717041,0
21703.48953104019,2.002701997756958,0.022511959075927734,0
21703.62542104721,2.0024030208587646,0.0002989768981933594,0
21703.801712989807,2.0284969806671143,0.02609395980834961,0
21703.96243906021,2.0022389888763428,0.026257991790771484,0
21704.290391921997,2.001391887664795,0.0008471012115478516,0
21704.478818893433,2.005460023880005,0.004068136215209961,0
21704.60578894615,2.0064589977264404,0.0009989738464355469,0
21704.67202091217,2.0016238689422607,0.0048351287841796875,0
21704.871475934982,2.0351338386535645,0.03350996971130371,0
21705.342976093292,2.0145320892333984,0.020601749420166016,0
21705.58192706108,2.0013160705566406,0.013216018676757812,0
21706.003280878067,2.00203800201416,0.0007219314575195312,0
21706.368680000305,2.0015289783477783,0.0005090236663818359,0
21706.68455696106,2.0082950592041016,0.006766080856323242,0
21707.02050590515,2.0018038749694824,0.006491184234619141,0
21707.086654901505,2.0114989280700684,0.009695053100585938,0
21707.5183699131,2.0025880336761475,0.008910894393920898,0
21707.814317941666,2.0076189041137695,0.00503087043762207,0
21707.930132985115,,,1
21708.045948028564,2.00292706489563,0.0046918392181396484,0
21708.272078037262,2.1210501194000244,0.11812305450439453,0
21708.550940036774,2.1950769424438477,0.07402682304382324,0
21708.83108997345,2.3627660274505615,0.16768908500671387,0
21709.11584687233,2.3871169090270996,0.024350881576538086,0
21709.411880016327,2.6391971111297607,0.25208020210266113,0
21709.66536092758,2.6344408988952637,0.00475621223449707,0
21709.94358587265,2.870837926864624,0.23639702796936035,0
21710.231733083725,3.0013370513916016,0.13049912452697754,0
21710.494992017746,2.9589741230010986,0.04236292839050293,0
21710.774425029755,3.102116107940674,0.1431419849395752,0
21711.056128025055,3.211276054382324,0.10915994644165039,0
21711.33195900917,2.9896371364593506,0.22163891792297363,0
21711.615628004074,3.2169289588928223,0.22729182243347168,0
21711.89404797554,3.4113659858703613,0.19443702697753906,0
21712.173821926117,3.2816150188446045,0.12975096702575684,0
21712.444556951523,3.4752249717712402,0.19360995292663574,0
21712.741221904755,3.4565389156341553,0.01868605613708496,0
21712.994958877563,3.36559796333313,0.09094095230102539,0
21713.272593021393,3.5394771099090576,0.17387914657592773,0
21713.554423093796,3.5337111949920654,0.0057659149169921875,0
21713.828675031662,3.742617130279541,0.20890593528747559,0
21714.1367020607,3.8119850158691406,0.06936788558959961,0
21714.390709877014,3.9699490070343018,0.15796399116516113,0
21714.664932012558,4.173607110977173,0.2036581039428711,0
21714.942399024963,4.349383115768433,0.17577600479125977,0
21715.218299865723,4.3210999965667725,0.028283119201660156,0
21715.499248981476,4.1482648849487305,0.172835111618042,0
21715.797393083572,4.198145151138306,0.049880266189575195,0
21716.054368019104,4.3076629638671875,0.10951781272888184,0
21716.329967021942,4.2794029712677,0.028259992599487305,0
21716.612972021103,4.089143991470337,0.19025897979736328,0
21716.91495203972,3.913417100906372,0.17572689056396484,0
21717.163671016693,4.103614091873169,0.19019699096679688,0
21717.440823078156,4.164298057556152,0.0606839656829834,0
21717.72209596634,4.232871055603027,0.068572998046875,0
21718.00000500679,4.427356958389282,0.19448590278625488,0
21718.275112867355,4.554153919219971,0.12679696083068848,0
21718.565156936646,4.519788026809692,0.03436589241027832,0
21718.832120895386,4.751400947570801,0.2316129207611084,0
21719.113499879837,4.6887078285217285,0.06269311904907227,0
21719.39182496071,4.7999420166015625,0.11123418807983398,0
21719.665240049362,4.952069044113159,0.15212702751159668,0
21719.94643998146,5.048973083496094,0.09690403938293457,0
21720.22343301773,5.098659992218018,0.04968690872192383,0
21720.49787592888,4.894841909408569,0.20381808280944824,0
21720.776706457138,,,1
21721.055536985397,5.019496917724609,0.12465500831604004,0
21721.332539081573,4.955735206604004,0.06376171112060547,0
21721.60926604271,5.049163103103638,0.09342789649963379,0
21721.888491868973,4.903800964355469,0.14536213874816895,0
21722.16491508484,4.749031066894531,0.1547698974609375,0
21722.44331908226,4.7800681591033936,0.031037092208862305,0
21722.720710992813,4.946020126342773,0.16595196723937988,0
21722.999103069305,5.094402074813843,0.14838194847106934,0
21723.276171922684,5.085450887680054,0.008951187133789062,0
21723.564898967743,,,1
21723.853626012802,5.408765077590942,0.32331418991088867,0
21724.116276025772,5.420071125030518,0.011306047439575195,0
21724.39173388481,5.195529937744141,0.22454118728637695,0
21724.6660220623,5.2455220222473145,0.04999208450317383,0
21724.946630001068,5.32091212272644,0.07539010047912598,0
21725.222220897675,5.463191986083984,0.14227986335754395,0
21725.50425505638,5.647997140884399,0.18480515480041504,0
21725.77707695961,5.744920969009399,0.096923828125,0
21726.05674099922,5.657017946243286,0.08790302276611328,0
21726.333657979965,5.733537912368774,0.07651996612548828,0
21726.615696907043,5.71162486076355,0.02191305160522461,0
21726.894404888153,5.951718807220459,0.24009394645690918,0
21727.172435045242,5.981541156768799,0.029822349548339844,0
21727.445873975754,5.791215896606445,0.19032526016235352,0
21727.730789899826,5.731770992279053,0.05944490432739258,0
21728.002826929092,5.860501050949097,0.12873005867004395,0
21728.280144929886,6.089246988296509,0.2287459373474121,0
21728.55803489685,5.91770601272583,0.1715409755706787,0
21728.84080505371,5.704846143722534,0.2128598690032959,0
21729.112941980362,5.511445045471191,0.19340109825134277,0
21729.406492948532,5.704000949859619,0.19255590438842773,0
21729.67057991028,5.645838022232056,0.05816292762756348,0
21729.96865797043,5.566652059555054,0.07918596267700195,0
21730.224374055862,5.490074157714844,0.07657790184020996,0
21730.508095026016,5.599884986877441,0.10981082916259766,0
21730.783191919327,5.662932872772217,0.06304788589477539,0
21731.08211708069,5.8070971965789795,0.1441643238067627,0
21731.337683916092,5.685137033462524,0.12196016311645508,0
21731.61633491516,5.62746000289917,0.05767703056335449,0
21731.89425599575,,,1
21732.17217707634,5.322754144668579,0.3047058582305908,0
21732.451679944992,5.534359931945801,0.21160578727722168,0
21732.749361991882,5.3833489418029785,0.15101099014282227,0
21733.01196193695,5.456737995147705,0.07338905334472656,0
21733.286289453506,,,1
21733.560616970062,5.571971893310547,0.1152338981628418,0
21733.838928937912,5.6869590282440186,0.11498713493347168,0
21734.113739013672,5.7158050537109375,0.028846025466918945,0
21734.39170193672,5.583181858062744,0.13262319564819336,0
21734.670257091522,5.8086371421813965,0.22545528411865234,0
21734.94678092003,5.6059229373931885,0.202714204788208,0
21735.236063480377,,,1
21735.525346040726,5.433465003967285,0.17245793342590332,0
21735.788467884064,5.2107038497924805,0.2227611541748047,0
21736.059968948364,5.273081064224243,0.062377214431762695,0
21736.344168901443,5.125731945037842,0.14734911918640137,0
21736.613627910614,5.224570035934448,0.09883809089660645,0
21736.891797065735,5.082372188568115,0.142197847366333,0
21737.169267892838,4.911762952804565,0.1706092357635498,0
21737.455151081085,5.118446111679077,0.20668315887451172,0
21737.725666999817,5.1650121212005615,0.046566009521484375,0
21738.00850200653,5.278847932815552,0.11383581161499023,0
21738.28093600273,5.131650924682617,0.14719700813293457,0
21738.562584877014,5.363541841506958,0.23189091682434082,0
21738.976402044296,5.659680128097534,0.29613828659057617,0
21739.124310016632,5.4498419761657715,0.2098381519317627,0
21739.486310958862,5.329317092895508,0.12052488327026367,0
21739.676181077957,5.049501180648804,0.2798159122467041,0
21739.94974088669,5.145150899887085,0.09564971923828125,0
21740.228760957718,5.243440866470337,0.09828996658325195,0
21740.511470079422,5.203193187713623,0.04024767875671387,0
21740.79197192192,5.285542011260986,0.08234882354736328,0
21741.060187101364,5.413032054901123,0.12749004364013672,0
21741.338934898376,5.596421003341675,0.18338894844055176,0
21741.62079000473,5.56909704208374,0.02732396125793457,0
21741.89618396759,5.655559062957764,0.08646202087402344,0
21742.177991867065,5.897808790206909,0.2422497272491455,0
21742.450720071793,5.927154064178467,0.029345273971557617,0
21742.72845697403,5.769851922988892,0.1573021411895752,0
21743.005840063095,5.684390068054199,0.08546185493469238,0
21743.284857988358,5.782954931259155,0.09856486320495605,0
21743.564797878265,5.722509860992432,0.06044507026672363,0
21743.841208934784,5.9299938678741455,0.20748400688171387,0
21744.11689209938,6.146829128265381,0.21683526039123535,0
21744.39563256502,,,1
21744.674373030663,,,2
21744.953113496304,,,3
21745.231853961945,6.118100881576538,0.028728246688842773,0
21745.508163928986,6.026278972625732,0.09182190895080566,0
21745.780945838345,,,1
21746.053727747705,,,2
21746.326509657065,,,3
21746.599291566425,,,4
21746.872073475784,,,5
21747.144855385144,,,6
21747.417637294504,,,7
21747.690419203864,,,8
21747.963201113223,,,9
21748.23598302258,,,10
21748.50876493194,,,11
21748.7815468413,,,12
21749.05432875066,,,13
21749.32711066002,,,14
21749.59989256938,,,15
21749.87267447874,,,16
21750.145456388098,,,17
21750.418238297458,,,18
21750.691020206817,,,19
21750.963802116177,,,20
21751.236584025537,,,21
21751.509365934897,,,22
21751.782147844257,,,23
21752.054929753616,,,24
21752.327711662976,,,25
21752.600493572336,,,26
21752.873275481696,,,27
21753.146057391055,,,28
21753.41883930041,,,29
21753.69162120977,,,30
21753.96440311913,,,31
21754.23718502849,,,32
21754.50996693785,,,33
21754.78274884721,,,34
21755.05553075657,,,35
21755.32831266593,,,36
21755.60109457529,,,37
21755.87387648465,,,38
21756.14665839401,,,39
21756.41944030337,,,40
21756.69222221273,,,41
21756.96500412209,,,42
21757.23778603145,,,43
21757.510567940808,,,44
21757.783349850168,,,45
21758.056131759527,,,46
21758.328913668887,,,47
21758.601695578243,,,48
21758.874477487603,,,49
21759.147259396963,,,50
21759.420041306323,,,51
21759.692823215682,,,52
21759.965605125042,,,53
21760.238387034402,,,54
21760.51116894376,,,55
21760.78395085312,,,56
21761.05673276248,,,57
21761.32951467184,,,58
21761.6022965812,,,59
21761.87507849056,,,60
21762.14786039992,,,61
21762.42064230928,,,62
21762.69342421864,,,63
21762.966206128,,,64
21763.23898803736,,,65
21763.51176994672,,,66
21763.78455185608,,,67
21764.057333765435,,,68
21764.330115674795,,,69
21764.602897584155,,,70
21764.875679493514,,,71
21765.148461402874,,,72
21765.421243312234,,,73
21765.694025221594,,,74
21765.966807130953,,,75
21766.239589040313,,,76
21766.512370949673,,,77
21766.785152859033,,,78
21767.057934768392,,,79
21767.330716677752,,,80
21767.603498587112,,,81
21767.87628049647,,,82
21768.14906240583,,,83
21768.42184431519,,,84
21768.69462622455,,,85
21768.96740813391,,,86
21769.240190043267,,,87
21769.512971952627,,,88
21769.785753861986,,,89
21770.058535771346,,,90
21770.331317680706,,,91
21770.604099590066,,,92
21770.876881499426,,,93
21771.149663408785,,,94
21771.422445318145,,,95
21771.695227227505,,,96
21771.968009136865,,,97
21772.240791046224,,,98
21772.513572955584,,,99
21772.786354864944,,,100
21773.059136774304,,,101
21773.331918683663,,,102
21773.604700593023,,,103
21773.877482502383,,,104
21774.150264411743,,,105
21774.4230463211,,,106
21774.69582823046,,,107
21774.96861013982,,,108
21775.241392049178,,,109
21775.514173958538,,,110
21775.786955867898,,,111
21776.059737777257,,,112
21776.332519686617,,,113
21776.605301595977,,,114
21776.878083505337,,,115
21777.150865414696,,,116
21777.423647324056,,,117
21777.696429233416,,,118
21777.969211142776,,,119
21778.241993052136,,,120
21778.514774961495,,,121
21778.787556870855,,,122
21779.060338780215,,,123
21779.333120689575,,,124
21779.60590259893,,,125
21779.87868450829,,,126
21780.15146641765,,,127
21780.42424832701,,,128
21780.69703023637,,,129
21780.96981214573,,,130
21781.24259405509,,,131
21781.51537596445,,,132
21781.78815787381,,,133
21782.06093978317,,,134
21782.33372169253,,,135
21782.606503601888,,,136
21782.879285511248,,,137
21783.152067420608,,,138
21783.424849329967,,,139
21783.697631239327,,,140
21783.970413148687,,,141
21784.243195058047,,,142
21784.515976967406,,,143
21784.788758876763,,,144
21785.061540786122,,,145
21785.334322695482,,,146
21785.607104604842,,,147
21785.8798865142,,,148
21786.15266842356,,,149
21786.42545033292,,,150
21786.69823224228,,,151
21786.97101415164,,,152
21787.243796061,,,153
21787.51657797036,,,154
21787.78935987972,,,155
21788.06214178908,,,156
21788.33492369844,,,157
21788.6077056078,,,158
21788.88048751716,,,159
21789.15326942652,,,160
21789.42605133588,,,161
21789.69883324524,,,162
21789.971615154598,,,163
21790.244397063954,,,164
21790.517178973314,,,165
21790.789960882674,,,166
21791.062742792034,,,167
21791.335524701393,,,168
21791.608306610753,,,169
21791.881088520113,,,170
21792.153870429473,,,171
21792.426652338832,,,172
21792.699434248192,,,173
21792.972216157552,,,174
21793.24499806691,,,175
21793.51777997627,,,176
21793.79056188563,,,177
21794.06334379499,,,178
21794.33612570435,,,179
21794.60890761371,,,180
21794.88168952307,,,181
21795.15447143243,,,182
21795.427253341786,,,183
21795.700035251146,,,184
21795.972817160506,,,185
21796.245599069865,,,186
21796.518380979225,,,187
21796.791162888585,,,188
21797.063944797945,,,189
21797.336726707304,,,190
21797.609508616664,,,191
21797.882290526024,,,192
21798.155072435384,,,193
21798.427854344744,,,194
21798.700636254103,,,195
21798.973418163463,,,196
21799.246200072823,,,197
21799.518981982183,,,198
21799.791763891542,,,199
21800.064545800902,,,200
21800.337327710262,,,201
21800.610109619618,,,202
21800.882891528978,,,203
21801.155673438338,,,204
21801.428455347697,,,205
21801.701237257057,,,206
21801.974019166417,,,207
21802.246801075777,,,208
21802.519582985136,,,209
21802.792364894496,,,210
21803.065146803856,,,211
21803.337928713216,,,212
21803.610710622575,,,213
21803.883492531935,,,214
21804.156274441295,,,215
21804.429056350655,,,216
21804.701838260014,,,217
21804.974620169374,,,218
21805.247402078734,,,219
21805.520183988094,,,220
21805.79296589745,,,221
21806.06574780681,,,222
21806.33852971617,,,223
21806.61131162553,,,224
21806.88409353489,,,225
21807.15687544425,,,226
21807.42965735361,,,227
21807.70243926297,,,228
21807.975221172328,,,229
21808.248003081688,,,230
21808.520784991048,,,231
21808.793566900407,,,232
21809.066348809767,,,233
21809.339130719127,,,234
21809.611912628487,,,235
21809.884694537846,,,236
21810.157476447206,,,237
21810.430258356566,,,238
21810.703040265926,,,239
21810.97582217528,,,240
21811.24860408464,,,241
21811.521385994,,,242
21811.79416790336,,,243
21812.06694981272,,,244
21812.33973172208,,,245
21812.61251363144,,,246
21812.8852955408,,,247
21813.15807745016,,,248
21813.43085935952,,,249
21813.70364126888,,,250
21813.97642317824,,,251
21814.2492050876,,,252
21814.52198699696,,,253
21814.79476890632,,,254
21815.06755081568,,,255
21815.340332725038,,,256
21815.613114634398,,,257
21815.885896543758,,,258
21816.158678453114,,,259
21816.431460362473,,,260
21816.704242271833,,,261
21816.977024181193,,,262
21817.249806090553,,,263
21817.522587999913,,,264
21817.795369909272,,,265
21818.068151818632,,,266
21818.34093372799,,,267
21818.61371563735,,,268
21818.88649754671,,,269
21819.15927945607,,,270
21819.43206136543,,,271
21819.70484327479,,,272
21819.97762518415,,,273
21820.25040709351,,,274
21820.52318900287,,,275
21820.79597091223,,,276
21821.06875282159,,,277
21821.34153473095,,,278
21821.614316640305,,,279
21821.887098549665,,,280
21822.159880459025,,,281
21822.432662368385,,,282
21822.705444277744,,,283
21822.978226187104,,,284
21823.251008096464,,,285
21823.523790005824,,,286
21823.796571915183,,,287
21824.069353824543,,,288
21824.342135733903,,,289
21824.614917643263,,,290
21824.887699552623,,,291
21825.160481461982,,,292
21825.433263371342,,,293
21825.7060452807,,,294
21825.97882719006,,,295
21826.25160909942,,,296
21826.52439100878,,,297
21826.797172918137,,,298
21827.069954827497,,,299
21827.342736736857,,,300
21827.615518646217,,,301
21827.888300555576,,,302
21828.161082464936,,,303
21828.433864374296,,,304
21828.706646283656,,,305
21828.979428193015,,,306
21829.252210102375,,,307
21829.524992011735,,,308
21829.797773921095,,,309
21830.070555830454,,,310
21830.343337739814,,,311
21830.616119649174,,,312
21830.888901558534,,,313
21831.161683467893,,,314
21831.434465377253,,,315
21831.707247286613,,,316
21831.98002919597,,,317
21832.25281110533,,,318
21832.52559301469,,,319
21832.79837492405,,,320
21833.071156833408,,,321
21833.343938742768,,,322
21833.616720652128,,,323
21833.889502561487,,,324
21834.162284470847,,,325
21834.435066380207,,,326
21834.707848289567,,,327
21834.980630198927,,,328
21835.253412108286,,,329
21835.526194017646,,,330
21835.798975927006,,,331
21836.071757836366,,,332
21836.344539745725,,,333
21836.617321655085,,,334
21836.890103564445,,,335
21837.1628854738,,,336
21837.43566738316,,,337
21837.70844929252,,,338
21837.98123120188,,,339
21838.25401311124,,,340
21838.5267950206,,,341
21838.79957692996,,,342
21839.07235883932,,,343
21839.34514074868,,,344
21839.61792265804,,,345
21839.8907045674,,,346
21840.16348647676,,,347
21840.436268386118,,,348
21840.709050295478,,,349
21840.981832204838,,,350
21841.254614114197,,,351
21841.527396023557,,,352
21841.800177932917,,,353
21842.072959842277,,,354
21842.345741751633,,,355
21842.618523660993,,,356
21842.891305570352,,,357
21843.164087479712,,,358
21843.436869389072,,,359
21843.70965129843,,,360
21843.98243320779,,,361
21844.25521511715,,,362
21844.52799702651,,,363
21844.80077893587,,,364
21845.07356084523,,,365
21845.34634275459,,,366
21845.61912466395,,,367
21845.89190657331,,,368
21846.16468848267,,,369
21846.43747039203,,,370
21846.71025230139,,,371
21846.98303421075,,,372
21847.25581612011,,,373
21847.528598029465,,,374
21847.801379938825,,,375
21848.074161848184,,,376
21848.346943757544,,,377
21848.619725666904,,,378
21848.892507576264,,,379
21849.165289485623,,,380
21849.438071394983,,,381
21849.710853304343,,,382
21849.983635213703,,,383
21850.256417123062,,,384
21850.529199032422,,,385
21850.801980941782,,,386
21851.07476285114,,,387
21851.3475447605,,,388
21851.62032666986,,,389
21851.89310857922,,,390
21852.16589048858,,,391
21852.43867239794,,,392
21852.7114543073,,,393
21852.984236216656,,,394
21853.257018126016,,,395
21853.529800035376,,,396
21853.802581944736,,,397
21854.075363854095,,,398
21854.348145763455,,,399
21854.620927672815,,,400
21854.893709582175,,,401
21855.166491491535,,,402
21855.439273400894,,,403
21855.712055310254,,,404
21855.984837219614,,,405
21856.257619128974,,,406
21856.530401038333,,,407
21856.803182947693,,,408
21857.075964857053,,,409
21857.348746766413,,,410
21857.621528675772,,,411
21857.894310585132,,,412
21858.16709249449,,,413
21858.439874403848,,,414
21858.712656313208,,,415
21858.985438222568,,,416
21859.258220131927,,,417
21859.531002041287,,,418
21859.803783950647,,,419
21860.076565860007,,,420
21860.349347769366,,,421
21860.622129678726,,,422
21860.894911588086,,,423
21861.167693497446,,,424
21861.440475406805,,,425
21861.713257316165,,,426
21861.986039225525,,,427
21862.258821134885,,,428
21862.531603044245,,,429
21862.804384953604,,,430
21863.077166862964,,,431
21863.34994877232,,,432
21863.62273068168,,,433
21863.89551259104,,,434
21864.1682945004,,,435
21864.44107640976,,,436
21864.71385831912,,,437
21864.98664022848,,,438
21865.25942213784,,,439
21865.5322040472,,,440
21865.804985956558,,,441
21866.077767865918,,,442
21866.350549775278,,,443
21866.623331684637,,,444
21866.896113593997,,,445
21867.168895503357,,,446
21867.441677412717,,,447
21867.714459322076,,,448
21867.987241231436,,,449
21868.260023140796,,,450
21868.532805050152,,,451
21868.805586959512,,,452
21869.07836886887,,,453
21869.35115077823,,,454
21869.62393268759,,,455
21869.89671459695,,,456
21870.16949650631,,,457
21870.44227841567,,,458
21870.71506032503,,,459
21870.98784223439,,,460
21871.26062414375,,,461
21871.53340605311,,,462
21871.80618796247,,,463
21872.07896987183,,,464
21872.35175178119,,,465
21872.62453369055,,,466
21872.89731559991,,,467
21873.170097509268,,,468
21873.442879418628,,,469
21873.715661327984,,,470
21873.988443237344,,,471
21874.261225146704,,,472
21874.534007056063,,,473
21874.806788965423,,,474
21875.079570874783,,,475
21875.352352784143,,,476
21875.625134693502,,,477
21875.897916602862,,,478
21876.170698512222,,,479
21876.44348042158,,,480
21876.71626233094,,,481
21876.9890442403,,,482
21877.26182614966,,,483
21877.53460805902,,,484
21877.80738996838,,,485
21878.08017187774,,,486
21878.3529537871,,,487
21878.62573569646,,,488
21878.89851760582,,,489
21879.171299515176,,,490
21879.444081424535,,,491
21879.716863333895,,,492
21879.989645243255,,,493
21880.262427152615,,,494
21880.535209061974,,,495
21880.807990971334,,,496
21881.080772880694,,,497
21881.353554790054,,,498
21881.626336699414,,,499
21881.899118608773,,,500
21882.171900518133,,,501
21882.444682427493,,,502
21882.717464336853,,,503
21882.990246246212,,,504
21883.263028155572,,,505
21883.535810064932,,,506
21883.80859197429,,,507
21884.08137388365,,,508
21884.354155793008,,,509
21884.626937702367,,,510
21884.899719611727,,,511
21885.172501521087,,,512
21885.445283430447,,,513
21885.718065339806,,,514
21885.990847249166,,,515
21886.263629158526,,,516
21886.536411067886,,,517
21886.809192977245,,,518
21887.081974886605,,,519
21887.354756795965,,,520
21887.627538705325,,,521
21887.900320614684,,,522
21888.173102524044,,,523
21888.445884433404,,,524
21888.718666342764,,,525
21888.991448252124,,,526
21889.264230161483,,,527
21889.53701207084,,,528
21889.8097939802,,,529
21890.08257588956,,,530
21890.35535779892,,,531
21890.62813970828,,,532
21890.90092161764,,,533
21891.173703526998,,,534
21891.446485436358,,,535
21891.719267345718,,,536
21891.992049255077,,,537
21892.264831164437,,,538
21892.537613073797,,,539
21892.810394983157,,,540
21893.083176892516,,,541
21893.355958801876,,,542
21893.628740711236,,,543
21893.901522620596,,,544
21894.174304529955,,,545
21894.447086439315,,,546
21894.71986834867,,,547
21894.99265025803,,,548
21895.26543216739,,,549
21895.53821407675,,,550
21895.81099598611,,,551
21896.08377789547,,,552
21896.35655980483,,,553
21896.62934171419,,,554
21896.90212362355,,,555
21897.17490553291,,,556
21897.44768744227,,,557
21897.72046935163,,,558
21897.99325126099,,,559
21898.26603317035,,,560
21898.538815079708,,,561
21898.811596989068,,,562
21899.084378898428,,,563
21899.357160807787,,,564
21899.629942717147,,,565
21899.902724626503,,,566
21900.175506535863,,,567
21900.448288445223,,,568
21900.721070354582,,,569
21900.993852263942,,,570
21901.266634173302,,,571
21901.53941608266,,,572
21901.81219799202,,,573
21902.08497990138,,,574
21902.35776181074,,,575
21902.6305437201,,,576
21902.90332562946,,,577
21903.17610753882,,,578
21903.44888944818,,,579
21903.72167135754,,,580
21903.9944532669,,,581
21904.26723517626,,,582
21904.54001708562,,,583
21904.81279899498,,,584
21905.085580904335,,,585
21905.358362813695,,,586
21905.631144723055,,,587
21905.903926632414,,,588
21906.176708541774,,,589
21906.449490451134,,,590
21906.722272360494,,,591
21906.995054269853,,,592
21907.267836179213,,,593
21907.540618088573,,,594
21907.813399997933,,,595
21908.086181907292,,,596
21908.358963816652,,,597
21908.631745726012,,,598
21908.90452763537,,,599
21909.17730954473,,,600
21909.45009145409,,,601
21909.72287336345,,,602
21909.99565527281,,,603
21910.26843718217,,,604
21910.541219091527,,,605
21910.814001000886,,,606
21911.086782910246,,,607
21911.359564819606,,,608
21911.632346728966,,,609
21911.905128638326,,,610
21912.177910547685,,,611
21912.450692457045,,,612
21912.723474366405,,,613
21912.996256275765,,,614
21913.269038185124,,,615
21913.541820094484,,,616
21913.814602003844,,,617
21914.087383913204,,,618
21914.360165822563,,,619
21914.632947731923,,,620
21914.905729641283,,,621
21915.178511550643,,,622
21915.451293460002,,,623
21915.72407536936,,,624
21915.99685727872,,,625
21916.269639188078,,,626
21916.542421097438,,,627
21916.815203006798,,,628
21917.087984916157,,,629
21917.360766825517,,,630
21917.633548734877,,,631
21917.906330644237,,,632
21918.179112553596,,,633
21918.451894462956,,,634
21918.724676372316,,,635
21918.997458281676,,,636
21919.270240191036,,,637
21919.543022100395,,,638
21919.815804009755,,,639
21920.088585919115,,,640
21920.361367828475,,,641
21920.634149737834,,,642
21920.90693164719,,,643
21921.17971355655,,,644
21921.45249546591,,,645
21921.72527737527,,,646
21921.99805928463,,,647
21922.27084119399,,,648
21922.54362310335,,,649
21922.81640501271,,,650
21923.08918692207,,,651
21923.36196883143,,,652
21923.634750740788,,,653
21923.907532650148,,,654
21924.180314559508,,,655
21924.453096468867,,,656
21924.725878378227,,,657
21924.998660287587,,,658
21925.271442196947,,,659
21925.544224106307,,,660
21925.817006015666,,,661
21926.089787925022,,,662
21926.362569834382,,,663
21926.635351743742,,,664
21926.9081336531,,,665
21927.18091556246,,,666
21927.45369747182,,,667
21927.72647938118,,,668
21927.99926129054,,,669
21928.2720431999,,,670
21928.54482510926,,,671
21928.81760701862,,,672
21929.09038892798,,,673
21929.36317083734,,,674
21929.6359527467,,,675
21929.90873465606,,,676
21930.18151656542,,,677
21930.45429847478,,,678
21930.72708038414,,,679
21930.999862293498,,,680
21931.272644202854,,,681
21931.545426112214,,,682
21931.818208021574,,,683
21932.090989930934,,,684
21932.363771840293,,,685
21932.636553749653,,,686
21932.909335659013,,,687
21933.182117568373,,,688
21933.454899477732,,,689
21933.727681387092,,,690
21934.000463296452,,,691
21934.27324520581,,,692
21934.54602711517,,,693
21934.81880902453,,,694
21935.09159093389,,,695
21935.36437284325,,,696
21935.63715475261,,,697
21935.90993666197,,,698
21936.18271857133,,,699
21936.45550048069,,,700
21936.728282390046,,,701
21937.001064299406,,,702
21937.273846208765,,,703
21937.546628118125,,,704
21937.819410027485,,,705
21938.092191936845,,,706
21938.364973846205,,,707
21938.637755755564,,,708
21938.910537664924,,,709
21939.183319574284,,,710
21939.456101483644,,,711
21939.728883393003,,,712
21940.001665302363,,,713
21940.274447211723,,,714
21940.547229121083,,,715
21940.820011030442,,,716
21941.092792939802,,,717
21941.365574849162,,,718
21941.63835675852,,,719
21941.911138667878,,,720
21942.183920577238,,,721
21942.456702486597,,,722
21942.729484395957,,,723
21943.002266305317,,,724
21943.275048214677,,,725
21943.547830124036,,,726
21943.820612033396,,,727
21944.093393942756,,,728
21944.366175852116,,,729
21944.638957761475,,,730
21944.911739670835,,,731
21945.184521580195,,,732
21945.457303489555,,,733
21945.730085398915,,,734
21946.002867308274,,,735
21946.275649217634,,,736
21946.548431126994,,,737
21946.821213036354,,,738
21947.09399494571,,,739
21947.36677685507,,,740
21947.63955876443,,,741
21947.91234067379,,,742
21948.18512258315,,,743
21948.45790449251,,,744
21948.73068640187,,,745
21949.003468311228,,,746
21949.276250220588,,,747
21949.549032129948,,,748
21949.821814039307,,,749
21950.094595948667,,,750
21950.367377858027,,,751
21950.640159767387,,,752
21950.912941676746,,,753
21951.185723586106,,,754
21951.458505495466,,,755
21951.731287404826,,,756
21952.004069314185,,,757
21952.27685122354,,,758
21952.5496331329,,,759
21952.82241504226,,,760
21953.09519695162,,,761
21953.36797886098,,,762
21953.64076077034,,,763
21953.9135426797,,,764
21954.18632458906,,,765
21954.45910649842,,,766
21954.73188840778,,,767
21955.00467031714,,,768
21955.2774522265,,,769
21955.55023413586,,,770
21955.82301604522,,,771
21956.09579795458,,,772
21956.368579863938,,,773
21956.641361773298,,,774
21956.914143682658,,,775
21957.186925592017,,,776
21957.459707501373,,,777
21957.732489410733,,,778
21958.005271320093,,,779
21958.278053229453,,,780
21958.550835138813,,,781
21958.823617048172,,,782
21959.096398957532,,,783
21959.369180866892,,,784
21959.64196277625,,,785
21959.91474468561,,,786
21960.18752659497,,,787
21960.46030850433,,,788
21960.73309041369,,,789
21961.00587232305,,,790
21961.27865423241,,,791
21961.55143614177,,,792
21961.82421805113,,,793
21962.09699996049,,,794
21962.36978186985,,,795
21962.642563779205,,,796
21962.915345688565,,,797
21963.188127597925,,,798
21963.460909507285,,,799
21963.733691416644,,,800
21964.006473326004,,,801
21964.279255235364,,,802
21964.552037144724,,,803
21964.824819054083,,,804
21965.097600963443,,,805
21965.370382872803,,,806
21965.643164782163,,,807
21965.915946691523,,,808
21966.188728600882,,,809
21966.461510510242,,,810
21966.734292419602,,,811
21967.00707432896,,,812
21967.27985623832,,,813
21967.55263814768,,,814
21967.82542005704,,,815
21968.098201966397,,,816
21968.370983875757,,,817
21968.643765785117,,,818
21968.916547694476,,,819
21969.189329603836,,,820
21969.462111513196,,,821
21969.734893422556,,,822
21970.007675331915,,,823
21970.280457241275,,,824
21970.553239150635,,,825
21970.826021059995,,,826
21971.098802969354,,,827
21971.371584878714,,,828
21971.644366788074,,,829
21971.917148697434,,,830
21972.189930606793,,,831
21972.462712516153,,,832
21972.735494425513,,,833
21973.008276334873,,,834
21973.28105824423,,,835
21973.55384015359,,,836
21973.82662206295,,,837
21974.09940397231,,,838
21974.372185881668,,,839
21974.644967791028,,,840
21974.917749700388,,,841
21975.190531609747,,,842
21975.463313519107,,,843
21975.736095428467,,,844
21976.008877337827,,,845
21976.281659247186,,,846
21976.554441156546,,,847
21976.827223065906,,,848
21977.100004975266,,,849
21977.372786884625,,,850
21977.645568793985,,,851
21977.918350703345,,,852
21978.191132612705,,,853
21978.46391452206,,,854
21978.73669643142,,,855
21979.00947834078,,,856
21979.28226025014,,,857
21979.5550421595,,,858
21979.82782406886,,,859
21980.10060597822,,,860
21980.37338788758,,,861
21980.64616979694,,,862
21980.9189517063,,,863
21981.19173361566,,,864
21981.46451552502,,,865
21981.737297434378,,,866
21982.010079343738,,,867
21982.282861253098,,,868
21982.555643162457,,,869
21982.828425071817,,,870
21983.101206981177,,,871
21983.373988890537,,,872
21983.646770799893,,,873
21983.919552709252,,,874
21984.192334618612,,,875
21984.465116527972,,,876
21984.73789843733,,,877
21985.01068034669,,,878
21985.28346225605,,,879
21985.55624416541,,,880
21985.82902607477,,,881
21986.10180798413,,,882
21986.37458989349,,,883
21986.64737180285,,,884
21986.92015371221,,,885
21987.19293562157,,,886
21987.46571753093,,,887
21987.73849944029,,,888
21988.01128134965,,,889
21988.28406325901,,,890
21988.55684516837,,,891
21988.829627077725,,,892
21989.102408987084,,,893
21989.375190896444,,,894
21989.647972805804,,,895
21989.920754715164,,,896
21990.193536624523,,,897
21990.466318533883,,,898
21990.739100443243,,,899
21991.011882352603,,,900
21991.284664261962,,,901
21991.557446171322,,,902
21991.830228080682,,,903
21992.10300999004,,,904
21992.3757918994,,,905
21992.64857380876,,,906
21992.92135571812,,,907
21993.19413762748,,,908
21993.46691953684,,,909
21993.7397014462,,,910
21994.01248335556,,,911
21994.285265264916,,,912
21994.558047174276,,,913
21994.830829083636,,,914
21995.103610992996,,,915
21995.376392902355,,,916
21995.649174811715,,,917
21995.921956721075,,,918
21996.194738630435,,,919
21996.467520539794,,,920
21996.740302449154,,,921
21997.013084358514,,,922
21997.285866267874,,,923
21997.558648177233,,,924
21997.831430086593,,,925
21998.104211995953,,,926
21998.376993905313,,,927
21998.649775814672,,,928
21998.922557724032,,,929
21999.195339633392,,,930
21999.468121542748,,,931
21999.740903452108,,,932
22000.013685361468,,,933
22000.286467270827,,,934
22000.559249180187,,,935
22000.832031089547,,,936
22001.104812998907,,,937
22001.377594908266,,,938
22001.650376817626,,,939
22001.923158726986,,,940
22002.195940636346,,,941
22002.468722545706,,,942
22002.741504455065,,,943
22003.014286364425,,,944
22003.287068273785,,,945
22003.559850183145,,,946
22003.832632092504,,,947
22004.105414001864,,,948
22004.378195911224,,,949
22004.65097782058,,,950
22004.92375972994,,,951
22005.1965416393,,,952
22005.46932354866,,,953
22005.74210545802,,,954
22006.01488736738,,,955
22006.28766927674,,,956
22006.5604511861,,,957
22006.833233095458,,,958
22007.106015004818,,,959
22007.378796914178,,,960
22007.651578823537,,,961
22007.924360732897,,,962
22008.197142642257,,,963
22008.469924551617,,,964
22008.742706460976,,,965
22009.015488370336,,,966
22009.288270279696,,,967
22009.561052189056,,,968
22009.833834098412,,,969
22010.10661600777,,,970
22010.37939791713,,,971
22010.65217982649,,,972
22010.92496173585,,,973
22011.19774364521,,,974
22011.47052555457,,,975
22011.74330746393,,,976
22012.01608937329,,,977
22012.28887128265,,,978
22012.56165319201,,,979
22012.83443510137,,,980
22013.10721701073,,,981
22013.37999892009,,,982
22013.65278082945,,,983
22013.92556273881,,,984
22014.198344648168,,,985
22014.471126557528,,,986
22014.743908466888,,,987
22015.016690376244,,,988
22015.289472285604,,,989
22015.562254194963,,,990
22015.835036104323,,,991
22016.107818013683,,,992
22016.380599923043,,,993
22016.653381832402,,,994
22016.926163741762,,,995
22017.198945651122,,,996
22017.47172756048,,,997
22017.74450946984,,,998
22018.0172913792,,,999
22018.29007328856,,,1000
22018.56285519792,,,1001
22018.83563710728,,,1002
22019.10841901664,,,1003
22019.381200926,,,1004
22019.65398283536,,,1005
22019.92676474472,,,1006
22020.199546654076,,,1007
22020.472328563435,,,1008
22020.745110472795,,,1009
22021.017892382155,,,1010
22021.290674291515,,,1011
22021.563456200874,,,1012
22021.836238110234,,,1013
22022.109020019594,,,1014
22022.381801928954,,,1015
22022.654583838314,,,1016
22022.927365747673,,,1017
22023.200147657033,,,1018
22023.472929566393,,,1019
22023.745711475753,,,1020
22024.018493385112,,,1021
22024.291275294472,,,1022
22024.564057203832,,,1023
22024.83683911319,,,1024
22025.10962102255,,,1025
22025.382402931908,,,1026
22025.655184841267,,,1027
22025.927966750627,,,1028
22026.200748659987,,,1029
22026.473530569347,,,1030
22026.746312478706,,,1031
22027.019094388066,,,1032
22027.291876297426,,,1033
22027.564658206786,,,1034
22027.837440116145,,,1035
22028.110222025505,,,1036
22028.383003934865,,,1037
22028.655785844225,,,1038
22028.928567753585,,,1039
22029.201349662944,,,1040
22029.474131572304,,,1041
22029.746913481664,,,1042
22030.019695391024,,,1043
22030.292477300383,,,1044
22030.565259209743,,,1045
22030.8380411191,,,1046
22031.11082302846,,,1047
22031.38360493782,,,1048
22031.65638684718,,,1049
22031.92916875654,,,1050
22032.201950665898,,,1051
22032.474732575258,,,1052
22032.747514484618,,,1053
22033.020296393977,,,1054
22033.293078303337,,,1055
22033.565860212697,,,1056
22033.838642122057,,,1057
22034.111424031416,,,1058
22034.384205940776,,,1059
22034.656987850136,,,1060
22034.929769759496,,,1061
22035.202551668855,,,1062
22035.475333578215,,,1063
22035.748115487575,,,1064
22036.02089739693,,,1065
22036.29367930629,,,1066
22036.56646121565,,,1067
22036.83924312501,,,1068
22037.11202503437,,,1069
22037.38480694373,,,1070
22037.65758885309,,,1071
22037.93037076245,,,1072
22038.20315267181,,,1073
22038.47593458117,,,1074
22038.74871649053,,,1075
22039.02149839989,,,1076
22039.29428030925,,,1077
22039.567062218608,,,1078
22039.839844127968,,,1079
22040.112626037328,,,1080
22040.385407946687,,,1081
22040.658189856047,,,1082
22040.930971765407,,,1083
22041.203753674763,,,1084
22041.476535584123,,,1085
22041.749317493483,,,1086
22042.022099402842,,,1087
22042.294881312202,,,1088
22042.56766322156,,,1089
22042.84044513092,,,1090
22043.11322704028,,,1091
22043.38600894964,,,1092
22043.658790859,,,1093
22043.93157276836,,,1094
22044.20435467772,,,1095
22044.47713658708,,,1096
22044.74991849644,,,1097
22045.0227004058,,,1098
22045.29548231516,,,1099
22045.56826422452,,,1100
22045.84104613388,,,1101
22046.11382804324,,,1102
22046.386609952595,,,1103
22046.659391861955,,,1104
22046.932173771314,,,1105
22047.204955680674,,,1106
22047.477737590034,,,1107
22047.750519499394,,,1108
22048.023301408753,,,1109
22048.296083318113,,,1110
22048.568865227473,,,1111
22048.841647136833,,,1112
22049.114429046193,,,1113
22049.387210955552,,,1114
22049.659992864912,,,1115
22049.932774774272,,,1116
22050.20555668363,,,1117
22050.47833859299,,,1118
22050.75112050235,,,1119
22051.02390241171,,,1120
22051.29668432107,,,1121
22051.56946623043,,,1122
22051.842248139787,,,1123
22052.115030049146,,,1124
22052.387811958506,,,1125
22052.660593867866,,,1126
22052.933375777226,,,1127
22053.206157686585,,,1128
22053.478939595945,,,1129
22053.751721505305,,,1130
22054.024503414665,,,1131
22054.297285324024,,,1132
22054.570067233384,,,1133
22054.842849142744,,,1134
22055.115631052104,,,1135
22055.388412961463,,,1136
22055.661194870823,,,1137
22055.933976780183,,,1138
22056.206758689543,,,1139
22056.479540598903,,,1140
22056.752322508262,,,1141
22057.02510441762,,,1142
22057.29788632698,,,1143
22057.570668236338,,,1144
22057.843450145698,,,1145
22058.116232055057,,,1146
22058.389013964417,,,1147
22058.661795873777,,,1148
22058.934577783137,,,1149
22059.207359692497,,,1150
22059.480141601856,,,1151
22059.752923511216,,,1152
22060.025705420576,,,1153
22060.298487329936,,,1154
22060.571269239295,,,1155
22060.844051148655,,,1156
22061.116833058015,,,1157
22061.389614967375,,,1158
22061.662396876734,,,1159
22061.935178786094,,,1160
22062.20796069545,,,1161
22062.48074260481,,,1162
22062.75352451417,,,1163
22063.02630642353,,,1164
22063.29908833289,,,1165
22063.57187024225,,,1166
22063.84465215161,,,1167
22064.11743406097,,,1168
22064.39021597033,,,1169
22064.66299787969,,,1170
22064.935779789048,,,1171
22065.208561698408,,,1172
22065.481343607767,,,1173
22065.754125517127,,,1174
22066.026907426487,,,1175
22066.299689335847,,,1176
22066.572471245207,,,1177
22066.845253154566,,,1178
22067.118035063926,,,1179
22067.390816973282,,,1180
22067.663598882642,,,1181
22067.936380792,,,1182
22068.20916270136,,,1183
22068.48194461072,,,1184
22068.75472652008,,,1185
22069.02750842944,,,1186
22069.3002903388,,,1187
22069.57307224816,,,1188
22069.84585415752,,,1189
22070.11863606688,,,1190
22070.39141797624,,,1191
22070.6641998856,,,1192
22070.93698179496,,,1193
22071.20976370432,,,1194
22071.48254561368,,,1195
22071.75532752304,,,1196
22072.0281094324,,,1197
22072.300891341758,,,1198
22072.573673251114,,,1199
22072.846455160474,,,1200
22073.119237069834,,,1201
22073.392018979193,,,1202
22073.664800888553,,,1203
22073.937582797913,,,1204
22074.210364707273,,,1205
22074.483146616632,,,1206
22074.755928525992,,,1207
22075.028710435352,,,1208
22075.30149234471,,,1209
22075.57427425407,,,1210
22075.84705616343,,,1211
22076.11983807279,,,1212
22076.39261998215,,,1213
22076.66540189151,,,1214
22076.93818380087,,,1215
22077.21096571023,,,1216
22077.48374761959,,,1217
22077.756529528946,,,1218
22078.029311438306,,,1219
22078.302093347666,,,1220
22078.574875257025,,,1221
22078.847657166385,,,1222
22079.120439075745,,,1223
22079.393220985105,,,1224
22079.666002894464,,,1225
22079.938784803824,,,1226
22080.211566713184,,,1227
22080.484348622544,,,1228
22080.757130531903,,,1229
22081.029912441263,,,1230
22081.302694350623,,,1231
22081.575476259983,,,1232
22081.848258169342,,,1233
22082.121040078702,,,1234
22082.393821988062,,,1235
22082.66660389742,,,1236
22082.939385806778,,,1237
22083.212167716138,,,1238
22083.484949625497,,,1239
22083.757731534857,,,1240
22084.030513444217,,,1241
22084.303295353577,,,1242
22084.576077262936,,,1243
22084.848859172296,,,1244
22085.121641081656,,,1245
22085.394422991016,,,1246
22085.667204900376,,,1247
22085.939986809735,,,1248
22086.212768719095,,,1249
22086.485550628455,,,1250
22086.758332537815,,,1251
22087.031114447174,,,1252
22087.303896356534,,,1253
22087.576678265894,,,1254
22087.849460175254,,,1255
22088.122242084613,,,1256
22088.39502399397,,,1257
22088.66780590333,,,1258
22088.94058781269,,,1259
22089.21336972205,,,1260
22089.48615163141,,,1261
22089.75893354077,,,1262
22090.031715450128,,,1263
22090.304497359488,,,1264
22090.577279268848,,,1265
22090.850061178207,,,1266
22091.122843087567,,,1267
22091.395624996927,,,1268
22091.668406906287,,,1269
22091.941188815646,,,1270
22092.213970725006,,,1271
22092.486752634366,,,1272
22092.759534543726,,,1273
22093.032316453086,,,1274
22093.305098362445,,,1275
22093.5778802718,,,1276
22093.85066218116,,,1277
22094.12344409052,,,1278
22094.39622599988,,,1279
22094.66900790924,,,1280
22094.9417898186,,,1281
22095.21457172796,,,1282
22095.48735363732,,,1283
22095.76013554668,,,1284
22096.03291745604,,,1285
22096.3056993654,,,1286
22096.57848127476,,,1287
22096.85126318412,,,1288
22097.12404509348,,,1289
22097.396827002838,,,1290
22097.669608912198,,,1291
22097.942390821558,,,1292
22098.215172730917,,,1293
22098.487954640277,,,1294
22098.760736549633,,,1295
22099.033518458993,,,1296
22099.306300368353,,,1297
22099.579082277713,,,1298
22099.851864187072,,,1299
22100.124646096432,,,1300
22100.397428005792,,,1301
22100.67020991515,,,1302
22100.94299182451,,,1303
22101.21577373387,,,1304
22101.48855564323,,,1305
22101.76133755259,,,1306
22102.03411946195,,,1307
22102.30690137131,,,1308
22102.57968328067,,,1309
22102.85246519003,,,1310
22103.12524709939,,,1311
22103.39802900875,,,1312
22103.67081091811,,,1313
22103.943592827465,,,1314
22104.216374736825,,,1315
22104.489156646185,,,1316
22104.761938555544,,,1317
22105.034720464904,,,1318
22105.307502374264,,,1319
22105.580284283624,,,1320
22105.853066192984,,,1321
22106.125848102343,,,1322
22106.398630011703,,,1323
22106.671411921063,,,1324
22106.944193830423,,,1325
22107.216975739782,,,1326
22107.489757649142,,,1327
22107.762539558502,,,1328
22108.03532146786,,,1329
22108.30810337722,,,1330
22108.58088528658,,,1331
22108.85366719594,,,1332
22109.1264491053,,,1333
22109.399231014657,,,1334
22109.672012924017,,,1335
22109.944794833376,,,1336
22110.217576742736,,,1337
22110.490358652096,,,1338
22110.763140561456,,,1339
22111.035922470815,,,1340
22111.308704380175,,,1341
22111.581486289535,,,1342
22111.854268198895,,,1343
22112.127050108254,,,1344
22112.399832017614,,,1345
22112.672613926974,,,1346
22112.945395836334,,,1347
22113.218177745694,,,1348
22113.490959655053,,,1349
22113.763741564413,,,1350
22114.036523473773,,,1351
22114.309305383133,,,1352
22114.58208729249,,,1353
22114.85486920185,,,1354
22115.12765111121,,,1355
22115.400433020568,,,1356
22115.673214929928,,,1357
22115.945996839288,,,1358
22116.218778748647,,,1359
22116.491560658007,,,1360
22116.764342567367,,,1361
22117.037124476727,,,1362
22117.309906386086,,,1363
22117.582688295446,,,1364
22117.855470204806,,,1365
22118.128252114166,,,1366
22118.401034023525,,,1367
22118.673815932885,,,1368
22118.946597842245,,,1369
22119.219379751605,,,1370
22119.492161660964,,,1371
22119.76494357032,,,1372
22120.03772547968,,,1373
22120.31050738904,,,1374
22120.5832892984,,,1375
22120.85607120776,,,1376
22121.12885311712,,,1377
22121.40163502648,,,1378
22121.67441693584,,,1379
22121.9471988452,,,1380
22122.21998075456,,,1381
22122.49276266392,,,1382
22122.765544573278,,,1383
22123.038326482638,,,1384
22123.311108391998,,,1385
22123.583890301357,,,1386
22123.856672210717,,,1387
22124.129454120077,,,1388
22124.402236029437,,,1389
22124.675017938796,,,1390
22124.947799848152,,,1391
22125.220581757512,,,1392
22125.493363666872,,,1393
22125.76614557623,,,1394
22126.03892748559,,,1395
22126.31170939495,,,1396
22126.58449130431,,,1397
22126.85727321367,,,1398
22127.13005512303,,,1399
22127.40283703239,,,1400
22127.67561894175,,,1401
22127.94840085111,,,1402
22128.22118276047,,,1403
22128.49396466983,,,1404
22128.76674657919,,,1405
22129.03952848855,,,1406
22129.31231039791,,,1407
22129.58509230727,,,1408
22129.85787421663,,,1409
22130.130656125984,,,1410
22130.403438035344,,,1411
22130.676219944704,,,1412
22130.949001854064,,,1413
22131.221783763423,,,1414
22131.494565672783,,,1415
22131.767347582143,,,1416
22132.040129491503,,,1417
22132.312911400863,,,1418
22132.585693310222,,,1419
22132.858475219582,,,1420
22133.13125712894,,,1421
22133.4040390383,,,1422
22133.67682094766,,,1423
22133.94960285702,,,1424
22134.22238476638,,,1425
22134.49516667574,,,1426
22134.7679485851,,,1427
22135.04073049446,,,1428
22135.313512403816,,,1429
22135.586294313176,,,1430
22135.859076222536,,,1431
22136.131858131896,,,1432
22136.404640041255,,,1433
22136.677421950615,,,1434
22136.950203859975,,,1435
22137.222985769335,,,1436
22137.495767678694,,,1437
22137.768549588054,,,1438
22138.041331497414,,,1439
22138.314113406774,,,1440
22138.586895316133,,,1441
22138.859677225493,,,1442
22139.132459134853,,,1443
22139.405241044213,,,1444
22139.678022953573,,,1445
22139.950804862932,,,1446
22140.223586772292,,,1447
22140.496368681648,,,1448
22140.769150591008,,,1449
22141.041932500368,,,1450
22141.314714409727,,,1451
22141.587496319087,,,1452
22141.860278228447,,,1453
22142.133060137807,,,1454
22142.405842047167,,,1455
22142.678623956526,,,1456
22142.951405865886,,,1457
22143.224187775246,,,1458
22143.496969684606,,,1459
22143.769751593965,,,1460
22144.042533503325,,,1461
22144.315315412685,,,1462
22144.588097322045,,,1463
22144.860879231404,,,1464
22145.133661140764,,,1465
22145.406443050124,,,1466
22145.679224959484,,,1467
22145.95200686884,,,1468
22146.2247887782,,,1469
22146.49757068756,,,1470
22146.77035259692,,,1471
22147.04313450628,,,1472
22147.31591641564,,,1473
22147.588698325,,,1474
22147.861480234358,,,1475
22148.134262143718,,,1476
22148.407044053078,,,1477
22148.679825962437,,,1478
22148.952607871797,,,1479
22149.225389781157,,,1480
22149.498171690517,,,1481
22149.770953599877,,,1482
22150.043735509236,,,1483
22150.316517418596,,,1484
22150.589299327956,,,1485
22150.862081237316,,,1486
22151.13486314667,,,1487
22151.40764505603,,,1488
22151.68042696539,,,1489
22151.95320887475,,,1490
22152.22599078411,,,1491
22152.49877269347,,,1492
22152.77155460283,,,1493
22153.04433651219,,,1494
22153.31711842155,,,1495
22153.58990033091,,,1496
22153.86268224027,,,1497
22154.13546414963,,,1498
22154.40824605899,,,1499
22154.68102796835,,,1500
22154.95380987771,,,1501
22155.226591787068,,,1502
22155.499373696428,,,1503
22155.772155605788,,,1504
22156.044937515147,,,1505
22156.317719424504,,,1506
22156.590501333863,,,1507
22156.863283243223,,,1508
22157.136065152583,,,1509
22157.408847061943,,,1510
22157.681628971302,,,1511
22157.954410880662,,,1512
22158.227192790022,,,1513
22158.49997469938,,,1514
22158.77275660874,,,1515
22159.0455385181,,,1516
22159.31832042746,,,1517
22159.59110233682,,,1518
22159.86388424618,,,1519
22160.13666615554,,,1520
22160.4094480649,,,1521
22160.68222997426,,,1522
22160.95501188362,,,1523
22161.22779379298,,,1524
22161.500575702335,,,1525
22161.773357611695,,,1526
22162.046139521055,,,1527
22162.318921430415,,,1528
22162.591703339775,,,1529
22162.864485249134,,,1530
22163.137267158494,,,1531
22163.410049067854,,,1532
22163.682830977214,,,1533
22163.955612886573,,,1534
22164.228394795933,,,1535
22164.501176705293,,,1536
22164.773958614653,,,1537
22165.046740524012,,,1538
22165.319522433372,,,1539
22165.592304342732,,,1540
22165.86508625209,,,1541
22166.13786816145,,,1542
22166.41065007081,,,1543
22166.68343198017,,,1544
22166.956213889527,,,1545
22167.228995798887,,,1546
22167.501777708247,,,1547
22167.774559617606,,,1548
22168.047341526966,,,1549
22168.320123436326,,,1550
22168.592905345686,,,1551
22168.865687255045,,,1552
22169.138469164405,,,1553
22169.411251073765,,,1554
22169.684032983125,,,1555
22169.956814892485,,,1556
22170.229596801844,,,1557
22170.502378711204,,,1558
22170.775160620564,,,1559
22171.047942529924,,,1560
22171.320724439283,,,1561
22171.593506348643,,,1562
22171.866288258003,,,1563
22172.13907016736,,,1564
22172.41185207672,,,1565
22172.68463398608,,,1566
22172.95741589544,,,1567
22173.230197804798,,,1568
22173.502979714158,,,1569
22173.775761623518,,,1570
22174.048543532877,,,1571
22174.321325442237,,,1572
22174.594107351597,,,1573
22174.866889260957,,,1574
22175.139671170316,,,1575
22175.412453079676,,,1576
22175.685234989036,,,1577
22175.958016898396,,,1578
22176.230798807755,,,1579
22176.503580717115,,,1580
22176.776362626475,,,1581
22177.049144535835,,,1582
22177.32192644519,,,1583
22177.59470835455,,,1584
22177.86749026391,,,1585
22178.14027217327,,,1586
22178.41305408263,,,1587
22178.68583599199,,,1588
22178.95861790135,,,1589
22179.23139981071,,,1590
22179.50418172007,,,1591
22179.77696362943,,,1592
22180.04974553879,,,1593
22180.32252744815,,,1594
22180.595309357508,,,1595
22180.868091266868,,,1596
22181.140873176228,,,1597
22181.413655085587,,,1598
22181.686436994947,,,1599
22181.959218904307,,,1600
22182.232000813667,,,1601
22182.504782723023,,,1602
22182.777564632383,,,1603
22183.050346541742,,,1604
22183.323128451102,,,1605
22183.595910360462,,,1606
22183.86869226982,,,1607
22184.14147417918,,,1608
22184.41425608854,,,1609
22184.6870379979,,,1610
22184.95981990726,,,1611
22185.23260181662,,,1612
22185.50538372598,,,1613
22185.77816563534,,,1614
22186.0509475447,,,1615
22186.32372945406,,,1616
22186.59651136342,,,1617
22186.86929327278,,,1618
22187.14207518214,,,1619
22187.4148570915,,,1620
22187.687639000855,,,1621
22187.960420910214,,,1622
22188.233202819574,,,1623
22188.505984728934,,,1624
22188.778766638294,,,1625
22189.051548547654,,,1626
22189.324330457013,,,1627
22189.597112366373,,,1628
22189.869894275733,,,1629
22190.142676185093,,,1630
22190.415458094452,,,1631
22190.688240003812,,,1632
22190.961021913172,,,1633
22191.23380382253,,,1634
22191.50658573189,,,1635
22191.77936764125,,,1636
22192.05214955061,,,1637
22192.32493145997,,,1638
22192.59771336933,,,1639
22192.870495278687,,,1640
22193.143277188046,,,1641
22193.416059097406,,,1642
22193.688841006766,,,1643
22193.961622916126,,,1644
22194.234404825485,,,1645
22194.507186734845,,,1646
22194.779968644205,,,1647
22195.052750553565,,,1648
22195.325532462924,,,1649
22195.598314372284,,,1650
22195.871096281644,,,1651
22196.143878191004,,,1652
22196.416660100364,,,1653
22196.689442009723,,,1654
22196.962223919083,,,1655
22197.235005828443,,,1656
22197.507787737803,,,1657
22197.780569647162,,,1658
22198.05335155652,,,1659
22198.32613346588,,,1660
22198.598915375238,,,1661
22198.871697284598,,,1662
22199.144479193958,,,1663
22199.417261103317,,,1664
22199.690043012677,,,1665
22199.962824922037,,,1666
22200.235606831397,,,1667
22200.508388740756,,,1668
22200.781170650116,,,1669
22201.053952559476,,,1670
22201.326734468836,,,1671
22201.599516378195,,,1672
22201.872298287555,,,1673
22202.145080196915,,,1674
22202.417862106275,,,1675
22202.690644015634,,,1676
22202.963425924994,,,1677
22203.236207834354,,,1678
22203.50898974371,,,1679
22203.78177165307,,,1680
22204.05455356243,,,1681
22204.32733547179,,,1682
22204.60011738115,,,1683
22204.87289929051,,,1684
22205.14568119987,,,1685
22205.41846310923,,,1686
22205.69124501859,,,1687
22205.964026927948,2.011446952819824,4.014832019805908,0
22206.26613998413,2.0025429725646973,0.008903980255126953,0
22206.521051883698,2.009737014770508,0.007194042205810547,0
22206.747714996338,2.0113120079040527,0.0015749931335449219,0
22207.117099046707,2.0054919719696045,0.005820035934448242,0
22207.52373099327,2.0042569637298584,0.0012350082397460938,0
22207.581592082977,2.0043389797210693,8.20159912109375e-05,0
22207.740096092224,2.007966995239258,0.0036280155181884766,0
22208.15792798996,2.0088438987731934,0.0008769035339355469,0
22208.358792066574,2.005460023880005,0.0033838748931884766,0
22208.51188993454,2.002068042755127,0.0033919811248779297,0
22208.87223792076,2.001098871231079,0.0009691715240478516,0
22209.087646961212,2.0087060928344727,0.007607221603393555,0
22209.28676009178,2.001106023788452,0.007600069046020508,0
22209.770529031754,2.001291036605835,0.0001850128173828125,0
22210.059020996094,2.001171112060547,0.00011992454528808594,0
22210.105792999268,2.0013420581817627,0.0001709461212158203,0
22210.19920706749,2.0012271404266357,0.00011491775512695312,0
22210.4478058815,2.0013368129730225,0.00010967254638671875,0
22210.633912086487,2.001615047454834,0.00027823448181152344,0
22211.132076978683,2.002371072769165,0.0007560253143310547,0
22211.246023893356,2.001168966293335,0.0012021064758300781,0
22211.45653986931,2.0102977752685547,0.009128808975219727,0
22211.86483001709,2.0079920291900635,0.002305746078491211,0
22212.29010796547,2.002584934234619,0.005407094955444336,0
22212.3248128891,2.002309799194336,0.0002751350402832031,0
22212.57681298256,2.00308895111084,0.0007791519165039062,0
22212.801395893097,2.0107879638671875,0.007699012756347656,0
22212.835758924484,2.005096912384033,0.005691051483154297,0
22212.89938402176,2.0021591186523438,0.002937793731689453,0
22213.33940601349,2.0044479370117188,0.002288818359375,0
22213.508785009384,2.0039191246032715,0.0005288124084472656,0
22213.790354967117,2.003849983215332,6.914138793945312e-05,0
22214.029226064682,2.0039420127868652,9.202957153320312e-05,0
22214.230840921402,2.0060129165649414,0.002070903778076172,0
22214.314105033875,2.0054800510406494,0.0005328655242919922,0
22214.50758099556,2.0108649730682373,0.005384922027587891,0
22214.74862408638,2.003584146499634,0.007280826568603516,0
22214.96137690544,2.00113582611084,0.0024483203887939453,0
22215.160238027573,2.0126070976257324,0.011471271514892578,0
22215.33203601837,2.0010111331939697,0.011595964431762695,0
22215.507585048676,2.009593963623047,0.008582830429077148,0
22215.601432085037,2.0102732181549072,0.0006792545318603516,0
22216.014021873474,2.0047249794006348,0.005548238754272461,0
22216.135865926743,2.0066819190979004,0.001956939697265625,0
22216.607053995132,2.005747079849243,0.0009348392486572266,0
22216.93666791916,2.0013458728790283,0.004401206970214844,0
22217.057249069214,2.0012731552124023,7.271766662597656e-05,0
22217.459825992584,2.008085012435913,0.006811857223510742,0
22217.78198003769,2.0012831687927246,0.0068018436431884766,0
22218.05725002289,2.0077271461486816,0.006443977355957031,0
22218.287734031677,2.001966953277588,0.00576019287109375,0
22218.625036001205,2.0024471282958984,0.0004801750183105469,0
22219.069607019424,2.003143072128296,0.0006959438323974609,0
22219.18848800659,2.00189208984375,0.0012509822845458984,0
22219.49157810211,2.0035440921783447,0.0016520023345947266,0
22219.80490899086,2.0041279792785645,0.0005838871002197266,0
22219.993568897247,2.00280499458313,0.0013229846954345703,0
22220.451111078262,2.0036849975585938,0.0008800029754638672,0
22220.52552294731,2.0121519565582275,0.008466958999633789,0
22220.609651088715,2.0038301944732666,0.008321762084960938,0
22220.736289024353,2.0008740425109863,0.0029561519622802734,0
22221.017636060715,2.0028510093688965,0.0019769668579101562,0
22221.515702962875,2.005125045776367,0.002274036407470703,0
22221.592886924744,2.004528045654297,0.0005970001220703125,0
22222.024995088577,2.002209186553955,0.002318859100341797,0
22222.09585595131,2.0061020851135254,0.0038928985595703125,0
22222.39615893364,2.0073540210723877,0.0012519359588623047,0
22222.754035949707,2.0024189949035645,0.004935026168823242,0
22222.986033916473,2.0174639225006104,0.015044927597045898,0
22223.127145051956,2.0011301040649414,0.016333818435668945,0
22223.190751075745,2.0049030780792236,0.0037729740142822266,0
22223.248187065125,2.0046839714050293,0.00021910667419433594,0
22223.616786003113,2.0033559799194336,0.0013279914855957031,0
22224.080229997635,2.001347064971924,0.0020089149475097656,0
22224.440768957138,2.0055129528045654,0.0041658878326416016,0
22224.81275987625,2.0012218952178955,0.004291057586669922,0
22224.871360063553,2.002817153930664,0.0015952587127685547,0
22225.246910095215,2.0033111572265625,0.0004940032958984375,0
22225.35437107086,2.0015711784362793,0.0017399787902832031,0
22225.770624876022,2.0019688606262207,0.00039768218994140625,0
22225.808746099472,2.002385139465332,0.0004162788391113281,0
22226.260541915894,2.003674030303955,0.0012888908386230469,0
22226.351335048676,2.0014901161193848,0.0021839141845703125,0
22226.415518045425,2.0028350353240967,0.001344919204711914,0
22226.73902106285,2.0023579597473145,0.00047707557678222656,0
22226.9342648983,2.002307891845703,5.0067901611328125e-05,0
22227.416987895966,2.002415895462036,0.00010800361633300781,0
22227.520955085754,2.0018560886383057,0.0005598068237304688,0
22227.82916688919,2.009567975997925,0.007711887359619141,0
22227.949053049088,2.0079729557037354,0.0015950202941894531,0
22228.25671005249,2.000976085662842,0.006996870040893555,0
22228.299601078033,2.0079832077026367,0.007007122039794922,0
22228.778548002243,2.0030319690704346,0.0049512386322021484,0
22228.87362408638,2.0049211978912354,0.0018892288208007812,0
22229.040458917618,2.002107858657837,0.0028133392333984375,0
22229.249203920364,2.0031540393829346,0.0010461807250976562,0
22229.354311943054,2.002840995788574,0.00031304359436035156,0
22229.660265922546,2.0031189918518066,0.0002779960632324219,0
22229.917301893234,2.0040159225463867,0.0008969306945800781,0
22230.345074892044,2.002185821533203,0.0018301010131835938,0
22230.66561293602,2.0297319889068604,0.027546167373657227,0
22231.00159907341,2.0036990642547607,0.02603292465209961,0
22231.15643286705,2.0028369426727295,0.00086212158203125,0
22231.484287023544,2.0063669681549072,0.0035300254821777344,0
22231.55143904686,2.021834135055542,0.015467166900634766,0
22232.019857883453,2.0048789978027344,0.016955137252807617,0
22232.321489095688,2.017362117767334,0.01248311996459961,0
22232.350394964218,2.0025858879089355,0.014776229858398438,0
22232.832473039627,2.022508144378662,0.019922256469726562,0
22233.071584939957,2.0174670219421387,0.0050411224365234375,0
22233.484093904495,2.002267837524414,0.01519918441772461,0
22233.63821387291,2.0051708221435547,0.002902984619140625,0
22233.790118932724,2.034721851348877,0.029551029205322266,0
22233.97936797142,2.00734806060791,0.027373790740966797,0
22234.48780298233,2.0192220211029053,0.011873960494995117,0
22234.79709506035,2.0315310955047607,0.012309074401855469,0
22234.86991405487,2.0032970905303955,0.028234004974365234,0
22235.069900989532,2.01648211479187,0.01318502426147461,0
22235.30872607231,2.002178192138672,0.014303922653198242,0
22235.79318499565,2.002872943878174,0.0006947517395019531,0
22236.063988924026,2.0221009254455566,0.019227981567382812,0
22236.42420387268,2.036003828048706,0.013902902603149414,0
22236.86772799492,2.018109083175659,0.017894744873046875,0
22237.143799066544,2.0097060203552246,0.00840306282043457,0
22237.287905931473,2.0038490295410156,0.005856990814208984,0
22237.79189991951,2.00767183303833,0.003822803497314453,0
22238.223946094513,2.00215220451355,0.0055196285247802734,0
22238.30950808525,2.0096611976623535,0.007508993148803711,0
22238.68402504921,2.0185179710388184,0.008856773376464844,0
22238.918636083603,2.0112431049346924,0.0072748661041259766,0
22239.337927103043,2.0102450847625732,0.0009980201721191406,0
22239.459942102432,2.0090172290802,0.0012278556823730469,0
22239.930399894714,2.015393018722534,0.006375789642333984,0
22240.045639038086,2.004923105239868,0.010469913482666016,0
22240.559649944305,2.0180749893188477,0.013151884078979492,0
22240.742228984833,2.009671926498413,0.00840306282043457,0
22240.94509792328,2.0122439861297607,0.0025720596313476562,0
22241.241407871246,2.0052268505096436,0.0070171356201171875,0
22241.695650100708,2.006991147994995,0.0017642974853515625,0
22241.745267868042,2.0147199630737305,0.0077288150787353516,0
22241.949076890945,2.013239860534668,0.0014801025390625,0
22242.065102100372,2.022179126739502,0.008939266204833984,0
22242.393092870712,2.003541946411133,0.01863718032836914,0
22242.85369205475,2.011728048324585,0.008186101913452148,0
22243.2407579422,2.0079848766326904,0.0037431716918945312,0
22243.61785006523,2.0038349628448486,0.004149913787841797,0
22244.07758498192,2.0052990913391113,0.0014641284942626953,0
22244.194406032562,2.0280020236968994,0.022702932357788086,0
22244.67253088951,2.006060838699341,0.021941184997558594,0
22245.086320877075,2.0135138034820557,0.007452964782714844,0
22245.12124991417,2.0074148178100586,0.00609898567199707,0
22245.340468883514,2.010633945465088,0.003219127655029297,0
22245.828872919083,2.0249948501586914,0.014360904693603516,0
22246.162115097046,2.013261079788208,0.011733770370483398,0
22246.340449094772,2.0100719928741455,0.0031890869140625,0
22246.501940011978,2.007024049758911,0.003047943115234375,0
22246.871252059937,2.0017380714416504,0.005285978317260742,0
22246.9762840271,2.0036981105804443,0.0019600391387939453,0
22247.401028871536,2.005429983139038,0.00173187255859375,0
22247.527154922485,2.004243850708008,0.0011861324310302734,0
22247.849595069885,2.0130209922790527,0.008777141571044922,0
22247.94606590271,2.0221028327941895,0.009081840515136719,0
22248.44226193428,2.0230748653411865,0.0009720325469970703,0
22248.63905286789,2.01065993309021,0.012414932250976562,0
22248.781982898712,2.0138509273529053,0.0031909942626953125,0
22249.035160064697,2.0153729915618896,0.001522064208984375,0
22249.396960020065,2.043811082839966,0.028438091278076172,0
22249.839152097702,2.006989002227783,0.03682208061218262,0
22249.928510904312,2.002558946609497,0.004430055618286133,0
22250.191128969193,2.0172019004821777,0.014642953872680664,0
22250.529268980026,2.005189895629883,0.012012004852294922,0
22250.733421087265,2.0041701793670654,0.0010197162628173828,0
22250.96083188057,2.00876784324646,0.004597663879394531,0
22251.43407893181,2.0387320518493652,0.029964208602905273,0
22251.556266069412,2.0063390731811523,0.03239297866821289,0
22251.786712884903,2.013500928878784,0.007161855697631836,0
22251.946793079376,2.0015621185302734,0.011938810348510742,0
22252.032223939896,2.005720853805542,0.004158735275268555,0
22252.192859888077,2.019124984741211,0.013404130935668945,0
22252.60456609726,2.008139133453369,0.010985851287841797,0
22252.85146689415,2.0044949054718018,0.003644227981567383,0
22253.208791971207,2.0164918899536133,0.011996984481811523,0
22253.687747001648,2.0155820846557617,0.0009098052978515625,0
22253.787384986877,2.0019009113311768,0.013681173324584961,0
22254.23817396164,2.0064220428466797,0.00452113151550293,0
22254.35560297966,2.001983880996704,0.004438161849975586,0
22254.462044000626,2.0020949840545654,0.00011110305786132812,0
22254.93068909645,2.1655731201171875,0.16347813606262207,0
22254.955890893936,2.0018768310546875,0.1636962890625,0
22255.218075037003,2.001662015914917,0.0002148151397705078,0
22255.466397047043,2.005038022994995,0.003376007080078125,0
22256.077647924423,2.1245248317718506,0.11948680877685547,0
22256.2353849411,2.0054409503936768,0.11908388137817383,0
22256.723433971405,2.0413858890533447,0.03594493865966797,0
22256.928345918655,2.0021040439605713,0.03928184509277344,0
22257.12669992447,2.0030288696289062,0.0009248256683349609,0
22257.233802080154,2.0133440494537354,0.010315179824829102,0
22257.593244075775,2.0100290775299072,0.003314971923828125,0
22258.078157901764,2.0045289993286133,0.005500078201293945,0
22258.558696985245,2.007612943649292,0.003083944320678711,0
22258.85059094429,2.0068609714508057,0.0007519721984863281,0
22259.16808605194,2.004779100418091,0.0020818710327148438,0
22259.28993487358,2.0050768852233887,0.00029778480529785156,0
22259.50794506073,2.0106120109558105,0.005535125732421875,0
22259.982348918915,2.0044448375701904,0.006167173385620117,0
22260.3839199543,2.005908966064453,0.0014641284942626953,0
22260.618210077286,2.0084121227264404,0.0025031566619873047,0
22260.929786920547,2.0091049671173096,0.0006928443908691406,0
22261.213852882385,2.0088908672332764,0.00021409988403320312,0
22261.500694990158,2.0688300132751465,0.05993914604187012,0
22261.7512550354,2.0076920986175537,0.06113791465759277,0
22262.237049102783,2.02394700050354,0.016254901885986328,0
22262.65579891205,2.014709949493408,0.009237051010131836,0
22262.928363084793,2.002140998840332,0.012568950653076172,0
22263.507097005844,2.0087831020355225,0.00664210319519043,0
22263.82606101036,2.006726026535034,0.0020570755004882812,0
22263.883693933487,2.0016448497772217,0.0050811767578125,0
22264.134396076202,2.0025980472564697,0.0009531974792480469,0
22264.189235925674,2.0099010467529297,0.007302999496459961,0
22264.59678196907,2.0039849281311035,0.005916118621826172,0
22264.955408096313,2.040234088897705,0.03624916076660156,0
22265.016227960587,2.0174269676208496,0.02280712127685547,0
22265.140089035034,2.009526014328003,0.00790095329284668,0
22265.507551908493,2.0026988983154297,0.006827116012573242,0
22265.93913602829,2.0019609928131104,0.0007379055023193359,0
22266.193881988525,2.003230094909668,0.0012691020965576172,0
22266.601938962936,2.0033578872680664,0.0001277923583984375,0
22266.99229502678,2.006442070007324,0.0030841827392578125,0
22267.111211061478,2.0035221576690674,0.002919912338256836,0
22267.51745891571,2.00453782081604,0.0010156631469726562,0
22267.790457963943,2.01535701751709,0.010819196701049805,0
22267.962002038956,2.0023789405822754,0.012978076934814453,0
22268.157394886017,2.0192959308624268,0.016916990280151367,0
22268.211505889893,2.0022988319396973,0.016997098922729492,0
22268.65111207962,2.0056421756744385,0.003343343734741211,0
22268.97394800186,2.013791084289551,0.008148908615112305,0
22269.18488407135,2.0115160942077637,0.0022749900817871094,0
22269.454668045044,2.005821943283081,0.005694150924682617,0
22269.68495607376,2.008277177810669,0.0024552345275878906,0
22269.761838912964,2.002002000808716,0.006275177001953125,0
22269.924369096756,2.0108530521392822,0.008851051330566406,0
22270.35574698448,2.008568048477173,0.002285003662109375,0
22270.513571977615,2.0021400451660156,0.0064280033111572266,0
22270.5745139122,2.005220890045166,0.0030808448791503906,0
22270.92387509346,2.0029730796813965,0.0022478103637695312,0
22271.00518798828,2.023550033569336,0.020576953887939453,0
22271.07569503784,2.0029029846191406,0.020647048950195312,0
22271.245573997498,2.010791063308716,0.007888078689575195,0
22271.418715953827,2.0237739086151123,0.012982845306396484,0
22271.810272932053,2.0165610313415527,0.00721287727355957,0
22271.989976882935,2.0120790004730225,0.0044820308685302734,0
22272.122920036316,2.01033616065979,0.0017428398132324219,0
22272.45456790924,2.028286933898926,0.017950773239135742,0
22272.52115702629,2.001878023147583,0.026408910751342773,0
22272.6348528862,2.012516975402832,0.010638952255249023,0
22272.950754880905,2.003994941711426,0.00852203369140625,0
22273.32059788704,2.010673999786377,0.006679058074951172,0
22273.63853287697,2.0071089267730713,0.003565073013305664,0
22273.912811994553,2.03035306930542,0.023244142532348633,0
22273.99916791916,2.006014823913574,0.024338245391845703,0
22274.322408914566,2.037717819213867,0.03170299530029297,0
22274.712339878082,2.0176749229431152,0.020042896270751953,0
22275.217876911163,2.0359928607940674,0.01831793785095215,0
22275.58284687996,2.006380796432495,0.029612064361572266,0
22275.74828195572,2.0040149688720703,0.0023658275604248047,0
22275.990509033203,2.0050010681152344,0.0009860992431640625,0
22276.23827791214,2.007081985473633,0.0020809173583984375,0
22276.47866487503,2.0042688846588135,0.002813100814819336,0
22276.556740045547,2.0193850994110107,0.015116214752197266,0
22276.650155067444,2.0047130584716797,0.014672040939331055,0
22277.106379032135,2.009874105453491,0.0051610469818115234,0
22277.41164302826,2.0322041511535645,0.022330045700073242,0
22277.50092101097,2.006402015686035,0.025802135467529297,0
22277.876841068268,2.036579132080078,0.03017711639404297,0
22278.303420066833,2.0142710208892822,0.0223081111907959,0
22278.56504893303,2.03305983543396,0.018788814544677734,0
22278.937956094742,2.020942211151123,0.012117624282836914,0
22279.215579986572,2.0219879150390625,0.0010457038879394531,0
22279.629915952682,2.0365118980407715,0.014523983001708984,0
22280.022028923035,2.0044620037078857,0.03204989433288574,0
22280.543713092804,2.024217128753662,0.019755125045776367,0
22280.88663506508,2.0165750980377197,0.007642030715942383,0
22281.123876094818,2.0016541481018066,0.014920949935913086,0
22281.612416028976,2.0120770931243896,0.010422945022583008,0
22281.931696891785,2.2149789333343506,0.20290184020996094,0
22281.931720018387,2.1745049953460693,0.04047393798828125,0
22282.043140888214,2.0059239864349365,0.1685810089111328,0
22282.33864092827,2.0155069828033447,0.009582996368408203,0
22282.836119890213,2.0232717990875244,0.0077648162841796875,0
22283.3015499115,2.0020580291748047,0.021213769912719727,0
22283.5865650177,2.0194809436798096,0.017422914505004883,0
22283.927932024002,2.0017991065979004,0.01768183708190918,0
22284.021178007126,2.001887083053589,8.797645568847656e-05,0
22284.383286952972,2.013561964035034,0.011674880981445312,0
22284.870424985886,2.0105409622192383,0.0030210018157958984,0
22285.208365917206,2.0102038383483887,0.0003371238708496094,0
22285.4494740963,2.005200147628784,0.005003690719604492,0
22285.783762931824,2.0125269889831543,0.007326841354370117,0
22286.010094881058,2.003009796142578,0.009517192840576172,0
22286.12122488022,2.0016448497772217,0.0013649463653564453,0
22286.332758903503,2.004074811935425,0.002429962158203125,0
22286.607133865356,2.006058931350708,0.001984119415283203,0
22286.98529100418,2.0022690296173096,0.0037899017333984375,0
22287.460216999054,2.006520986557007,0.004251956939697266,0
22287.722898960114,2.001986026763916,0.00453495979309082,0
22287.879496097565,2.0067059993743896,0.004719972610473633,0
22288.024146080017,2.0046651363372803,0.002040863037109375,0
22288.295418024063,2.0022709369659424,0.0023941993713378906,0
22288.589911937714,2.0026228427886963,0.00035190582275390625,0
22288.790844917297,2.021634817123413,0.019011974334716797,0
22288.898318052292,2.0227551460266113,0.0011203289031982422,0
22288.985056877136,2.002816915512085,0.019938230514526367,0
22289.29866695404,2.0062968730926514,0.0034799575805664062,0
22289.70055794716,2.0258400440216064,0.019543170928955078,0
22289.79682302475,2.020900011062622,0.004940032958984375,0
22289.903035879135,2.021703004837036,0.0008029937744140625,0
22289.992074012756,2.0092780590057373,0.012424945831298828,0
22290.065016031265,2.0184130668640137,0.009135007858276367,0
22290.22532105446,2.012411117553711,0.006001949310302734,0
22290.326693058014,2.009296178817749,0.003114938735961914,0
22290.537338018417,2.0040810108184814,0.005215167999267578,0
22290.59595990181,2.01460599899292,0.010524988174438477,0
22291.066199064255,2.003715991973877,0.010890007019042969,0
22291.434851884842,2.0411438941955566,0.03742790222167969,0
22291.48176598549,2.048135995864868,0.0069921016693115234,0
22291.507905960083,2.0124359130859375,0.035700082778930664,0
22291.782056054628,,,1
22292.056206149176,,,2
22292.33035624372,,,3
22292.604506338266,,,4
22292.878656432815,,,5
22293.15280652736,,,6
22293.426956621905,,,7
22293.701106716453,,,8
22293.975256810998,,,9
