buffer_timestamp,data_throughput,pr4g_queue_occupancy,round
2021-06-07 03:15:39,240K,0.0,0
2021-06-07 03:15:40,240K,0.0,0
2021-06-07 03:15:41,240K,0.0,0
2021-06-07 03:15:42,240K,0.0,0
2021-06-07 03:15:43,240K,0.0,0
2021-06-07 03:15:44,240K,0.0,0
2021-06-07 03:15:45,240K,0.0,0
2021-06-07 03:15:46,240K,0.0,0
2021-06-07 03:15:47,240K,0.0,0
2021-06-07 03:15:48,240K,0.0,0
2021-06-07 03:15:49,240K,0.0,0
2021-06-07 03:15:51,240K,0.0,0
2021-06-07 03:15:52,240K,0.0,0
2021-06-07 03:15:53,240K,4.0,0
2021-06-07 03:15:54,240K,7.0,0
2021-06-07 03:15:55,240K,9.0,0
2021-06-07 03:15:56,240K,8.0,0
2021-06-07 03:15:57,240K,7.0,0
2021-06-07 03:15:58,240K,6.0,0
2021-06-07 03:15:59,240K,6.0,0
2021-06-07 03:16:00,240K,6.0,0
2021-06-07 03:16:01,240K,6.0,0
2021-06-07 03:16:02,240K,8.0,0
2021-06-07 03:16:03,240K,12.0,0
2021-06-07 03:16:04,240K,11.0,0
2021-06-07 03:16:05,240K,6.0,0
2021-06-07 03:16:06,120K,6.0,0
2021-06-07 03:16:07,120K,8.0,0
2021-06-07 03:16:08,120K,8.0,0
2021-06-07 03:16:09,120K,8.0,0
2021-06-07 03:16:10,120K,8.0,0
2021-06-07 03:16:11,120K,6.0,0
2021-06-07 03:16:12,120K,8.0,0
2021-06-07 03:16:13,120K,8.0,0
2021-06-07 03:16:14,120K,10.0,0
2021-06-07 03:16:15,120K,9.0,0
2021-06-07 03:16:16,120K,7.0,0
2021-06-07 03:16:17,120K,10.0,0
2021-06-07 03:16:18,120K,7.0,0
2021-06-07 03:16:19,120K,5.0,0
2021-06-07 03:16:20,120K,8.0,0
2021-06-07 03:16:21,120K,11.0,0
2021-06-07 03:16:22,120K,11.0,0
2021-06-07 03:16:23,120K,8.0,0
2021-06-07 03:16:24,120K,8.0,0
2021-06-07 03:16:25,120K,9.0,0
2021-06-07 03:16:26,120K,11.0,0
2021-06-07 03:16:27,120K,10.0,0
2021-06-07 03:16:28,120K,8.0,0
2021-06-07 03:16:29,120K,7.0,0
2021-06-07 03:16:30,120K,9.0,0
2021-06-07 03:16:31,120K,9.0,0
2021-06-07 03:16:32,120K,6.0,0
2021-06-07 03:16:34,120K,7.0,0
2021-06-07 03:16:35,120K,8.0,0
2021-06-07 03:16:36,120K,6.0,0
2021-06-07 03:16:37,120K,7.0,0
2021-06-07 03:16:38,120K,9.0,0
2021-06-07 03:16:39,120K,8.0,0
2021-06-07 03:16:40,120K,7.0,0
2021-06-07 03:16:41,120K,8.0,0
2021-06-07 03:16:42,120K,8.0,0
2021-06-07 03:16:43,120K,10.0,0
2021-06-07 03:16:44,120K,10.0,0
2021-06-07 03:16:45,60K,8.0,0
2021-06-07 03:16:46,60K,7.0,0
2021-06-07 03:16:47,60K,6.0,0
2021-06-07 03:16:48,60K,8.0,0
2021-06-07 03:16:49,60K,7.0,0
2021-06-07 03:16:50,60K,5.0,0
2021-06-07 03:16:51,60K,8.0,0
2021-06-07 03:16:52,60K,8.0,0
2021-06-07 03:16:53,60K,6.0,0
2021-06-07 03:16:54,60K,7.0,0
2021-06-07 03:16:55,60K,9.0,0
2021-06-07 03:16:56,60K,8.0,0
2021-06-07 03:16:57,60K,6.0,0
2021-06-07 03:16:58,60K,6.0,0
2021-06-07 03:16:59,60K,6.0,0
2021-06-07 03:17:00,60K,6.0,0
2021-06-07 03:17:01,60K,6.0,0
2021-06-07 03:17:02,60K,6.0,0
2021-06-07 03:17:03,60K,7.0,0
2021-06-07 03:17:04,60K,7.0,0
2021-06-07 03:17:05,60K,7.0,0
2021-06-07 03:17:06,60K,8.0,0
2021-06-07 03:17:07,60K,7.0,0
2021-06-07 03:17:08,60K,8.0,0
2021-06-07 03:17:09,60K,8.0,0
2021-06-07 03:17:10,60K,7.0,0
2021-06-07 03:17:11,60K,7.0,0
2021-06-07 03:17:12,60K,6.0,0
2021-06-07 03:17:13,60K,6.0,0
2021-06-07 03:17:14,60K,6.0,0
2021-06-07 03:17:15,60K,6.0,0
2021-06-07 03:17:16,60K,9.0,0
2021-06-07 03:17:17,60K,10.0,0
2021-06-07 03:17:19,60K,8.0,0
2021-06-07 03:17:20,60K,7.0,0
2021-06-07 03:17:21,60K,9.0,0
2021-06-07 03:17:22,60K,12.0,0
2021-06-07 03:17:23,60K,10.0,0
2021-06-07 03:17:24,60K,8.0,0
2021-06-07 03:17:25,60K,10.0,0
2021-06-07 03:17:26,30K,9.0,0
2021-06-07 03:17:27,30K,10.0,0
2021-06-07 03:17:28,30K,10.0,0
2021-06-07 03:17:29,30K,12.0,0
2021-06-07 03:17:30,30K,13.0,0
2021-06-07 03:17:31,30K,12.0,0
2021-06-07 03:17:32,30K,12.0,0
2021-06-07 03:17:33,30K,14.0,0
2021-06-07 03:17:34,30K,13.0,0
2021-06-07 03:17:35,30K,16.0,0
2021-06-07 03:17:36,30K,16.0,0
2021-06-07 03:17:37,30K,16.0,0
2021-06-07 03:17:38,30K,15.0,0
2021-06-07 03:17:39,30K,15.0,0
2021-06-07 03:17:40,30K,16.0,0
2021-06-07 03:17:41,30K,15.0,0
2021-06-07 03:17:42,30K,14.0,0
2021-06-07 03:17:43,30K,16.0,0
2021-06-07 03:17:44,30K,15.0,0
2021-06-07 03:17:45,30K,13.0,0
2021-06-07 03:17:46,30K,14.0,0
2021-06-07 03:17:47,30K,13.0,0
2021-06-07 03:17:48,30K,14.0,0
2021-06-07 03:17:49,30K,12.0,0
2021-06-07 03:17:50,30K,10.0,0
2021-06-07 03:17:51,30K,11.0,0
2021-06-07 03:17:52,30K,12.0,0
2021-06-07 03:17:53,30K,14.0,0
2021-06-07 03:17:54,30K,13.0,0
2021-06-07 03:17:56,30K,14.0,0
2021-06-07 03:17:57,30K,14.0,0
2021-06-07 03:17:58,30K,16.0,0
2021-06-07 03:17:59,30K,16.0,0
2021-06-07 03:18:00,30K,16.0,0
2021-06-07 03:18:01,30K,0.0,0
2021-06-07 03:18:02,60K,0.0,0
2021-06-07 03:18:03,60K,0.0,0
2021-06-07 03:18:04,60K,0.0,0
2021-06-07 03:18:05,60K,0.0,0
2021-06-07 03:18:06,60K,0.0,0
2021-06-07 03:18:07,60K,0.0,0
2021-06-07 03:18:08,60K,0.0,0
2021-06-07 03:18:09,60K,5.0,0
2021-06-07 03:18:10,60K,11.0,0
2021-06-07 03:18:11,60K,8.0,0
2021-06-07 03:18:12,60K,6.0,0
2021-06-07 03:18:13,60K,8.0,0
2021-06-07 03:18:14,60K,7.0,0
2021-06-07 03:18:15,60K,7.0,0
2021-06-07 03:18:16,60K,8.0,0
2021-06-07 03:18:17,60K,9.0,0
2021-06-07 03:18:18,60K,8.0,0
2021-06-07 03:18:19,60K,7.0,0
2021-06-07 03:18:20,60K,8.0,0
2021-06-07 03:18:21,60K,9.0,0
2021-06-07 03:18:22,60K,9.0,0
2021-06-07 03:18:23,60K,10.0,0
2021-06-07 03:18:24,60K,7.0,0
2021-06-07 03:18:25,60K,6.0,0
2021-06-07 03:18:26,60K,6.0,0
2021-06-07 03:18:27,60K,9.0,0
2021-06-07 03:18:28,60K,10.0,0
2021-06-07 03:18:30,60K,11.0,0
2021-06-07 03:18:31,60K,10.0,0
2021-06-07 03:18:32,60K,12.0,0
2021-06-07 03:18:33,60K,14.0,0
2021-06-07 03:18:34,60K,9.0,0
2021-06-07 03:18:35,60K,6.0,0
2021-06-07 03:18:36,60K,9.0,0
2021-06-07 03:18:37,60K,10.0,0
2021-06-07 03:18:38,60K,8.0,0
2021-06-07 03:18:39,60K,9.0,0
2021-06-07 03:18:40,60K,10.0,0
2021-06-07 03:18:41,60K,8.0,0
2021-06-07 03:18:42,30K,7.0,0
2021-06-07 03:18:43,30K,7.0,0
2021-06-07 03:18:44,30K,8.0,0
2021-06-07 03:18:45,30K,9.0,0
2021-06-07 03:18:46,30K,9.0,0
2021-06-07 03:18:47,30K,6.0,0
2021-06-07 03:18:48,30K,5.0,0
2021-06-07 03:18:49,30K,9.0,0
2021-06-07 03:18:50,30K,8.0,0
2021-06-07 03:18:51,30K,8.0,0
2021-06-07 03:18:52,30K,8.0,0
2021-06-07 03:18:53,30K,9.0,0
2021-06-07 03:18:54,30K,10.0,0
2021-06-07 03:18:55,30K,9.0,0
2021-06-07 03:18:56,30K,9.0,0
2021-06-07 03:18:57,30K,9.0,0
2021-06-07 03:18:58,30K,12.0,0
2021-06-07 03:18:59,30K,12.0,0
2021-06-07 03:19:00,30K,11.0,0
2021-06-07 03:19:01,30K,14.0,0
2021-06-07 03:19:02,30K,13.0,0
2021-06-07 03:19:03,30K,15.0,0
2021-06-07 03:19:04,30K,14.0,0
2021-06-07 03:19:05,30K,14.0,0
2021-06-07 03:19:06,30K,17.0,0
2021-06-07 03:19:07,30K,15.0,0
2021-06-07 03:19:08,30K,14.0,0
2021-06-07 03:19:09,30K,14.0,0
2021-06-07 03:19:11,30K,14.0,0
2021-06-07 03:19:12,30K,15.0,0
2021-06-07 03:19:13,30K,15.0,0
2021-06-07 03:19:14,30K,16.0,0
2021-06-07 03:19:15,30K,16.0,0
2021-06-07 03:19:16,30K,16.0,0
2021-06-07 03:19:17,30K,17.0,0
2021-06-07 03:19:18,30K,17.0,0
2021-06-07 03:19:19,30K,15.0,0
2021-06-07 03:19:20,30K,18.0,0
2021-06-07 03:19:21,30K,20.0,0
2021-06-07 03:19:22,30K,20.0,0
2021-06-07 03:19:23,30K,20.0,0
2021-06-07 03:19:24,30K,18.0,0
2021-06-07 03:19:25,30K,20.0,0
2021-06-07 03:19:26,30K,20.0,0
2021-06-07 03:19:27,30K,19.0,0
2021-06-07 03:19:28,30K,17.0,0
2021-06-07 03:19:29,30K,18.0,0
2021-06-07 03:19:30,30K,19.0,0
2021-06-07 03:19:31,30K,19.0,0
2021-06-07 03:19:32,30K,20.0,0
2021-06-07 03:19:33,30K,21.0,0
2021-06-07 03:19:34,30K,21.0,0
2021-06-07 03:19:35,30K,22.0,0
2021-06-07 03:19:36,30K,20.0,0
2021-06-07 03:19:37,30K,21.0,0
2021-06-07 03:19:38,30K,22.0,0
2021-06-07 03:19:39,30K,24.0,0
2021-06-07 03:19:40,30K,25.0,0
2021-06-07 03:19:41,30K,25.0,0
2021-06-07 03:19:42,30K,26.0,0
2021-06-07 03:19:43,30K,25.0,0
2021-06-07 03:19:44,30K,27.0,0
2021-06-07 03:19:45,30K,27.0,0
2021-06-07 03:19:46,30K,26.0,0
2021-06-07 03:19:47,30K,26.0,0
2021-06-07 03:19:48,30K,23.0,0
2021-06-07 03:19:49,30K,24.0,0
2021-06-07 03:19:50,30K,25.0,0
2021-06-07 03:19:51,30K,27.0,0
2021-06-07 03:19:52,30K,26.0,0
2021-06-07 03:19:53,30K,25.0,0
2021-06-07 03:19:54,30K,24.0,0
2021-06-07 03:19:55,30K,27.0,0
2021-06-07 03:19:56,30K,27.0,0
2021-06-07 03:19:57,30K,28.0,0
2021-06-07 03:19:58,30K,28.0,0
2021-06-07 03:19:59,30K,28.0,0
2021-06-07 03:20:00,30K,29.0,0
2021-06-07 03:20:01,30K,30.0,0
2021-06-07 03:20:02,30K,30.0,0
2021-06-07 03:20:03,30K,28.0,0
2021-06-07 03:20:04,30K,28.0,0
2021-06-07 03:20:06,30K,27.0,0
2021-06-07 03:20:07,30K,29.0,0
2021-06-07 03:20:08,30K,28.0,0
2021-06-07 03:20:09,30K,28.0,0
2021-06-07 03:20:10,30K,28.0,0
2021-06-07 03:20:11,30K,28.0,0
2021-06-07 03:20:12,30K,29.0,0
2021-06-07 03:20:13,30K,27.0,0
2021-06-07 03:20:14,30K,28.0,0
2021-06-07 03:20:15,30K,26.0,0
2021-06-07 03:20:16,30K,27.0,0
2021-06-07 03:20:17,30K,27.0,0
2021-06-07 03:20:18,30K,28.0,0
2021-06-07 03:20:19,30K,30.0,0
2021-06-07 03:20:20,30K,28.0,0
2021-06-07 03:20:21,30K,29.0,0
2021-06-07 03:20:22,30K,27.0,0
2021-06-07 03:20:23,30K,29.0,0
2021-06-07 03:20:24,30K,28.0,0
2021-06-07 03:20:25,30K,28.0,0
2021-06-07 03:20:26,30K,26.0,0
2021-06-07 03:20:27,30K,28.0,0
2021-06-07 03:20:28,30K,27.0,0
2021-06-07 03:20:29,30K,30.0,0
2021-06-07 03:20:30,30K,31.0,0
2021-06-07 03:20:31,30K,29.0,0
2021-06-07 03:20:32,30K,31.0,0
2021-06-07 03:20:33,30K,30.0,0
2021-06-07 03:20:34,30K,32.0,0
2021-06-07 03:20:35,30K,32.0,0
2021-06-07 03:20:36,30K,30.0,0
2021-06-07 03:20:38,30K,32.0,0
2021-06-07 03:20:39,30K,32.0,0
2021-06-07 03:20:40,30K,31.0,0
2021-06-07 03:20:42,30K,30.0,0
2021-06-07 03:20:43,30K,31.0,0
2021-06-07 03:20:44,30K,30.0,0
2021-06-07 03:20:45,30K,30.0,0
2021-06-07 03:20:46,30K,32.0,0
2021-06-07 03:20:47,30K,31.0,0
2021-06-07 03:20:48,30K,30.0,0
2021-06-07 03:20:49,30K,29.0,0
2021-06-07 03:20:50,30K,33.0,0
2021-06-07 03:20:51,30K,33.0,0
2021-06-07 03:20:52,30K,34.0,0
2021-06-07 03:20:53,30K,34.0,0
2021-06-07 03:20:54,30K,34.0,0
2021-06-07 03:20:55,30K,33.0,0
2021-06-07 03:20:56,30K,32.0,0
2021-06-07 03:20:58,30K,32.0,0
2021-06-07 03:20:59,30K,34.0,0
2021-06-07 03:21:00,30K,32.0,0
2021-06-07 03:21:01,30K,31.0,0
2021-06-07 03:21:02,30K,30.0,0
2021-06-07 03:21:03,30K,32.0,0
2021-06-07 03:21:04,30K,31.0,0
2021-06-07 03:21:05,30K,31.0,0
2021-06-07 03:21:06,30K,31.0,0
2021-06-07 03:21:07,30K,32.0,0
2021-06-07 03:21:08,30K,30.0,0
2021-06-07 03:21:09,30K,31.0,0
2021-06-07 03:21:10,30K,28.0,0
2021-06-07 03:21:11,30K,32.0,0
2021-06-07 03:21:12,30K,30.0,0
2021-06-07 03:21:13,30K,31.0,0
2021-06-07 03:21:14,30K,29.0,0
2021-06-07 03:21:15,30K,30.0,0
2021-06-07 03:21:16,30K,30.0,0
2021-06-07 03:21:17,30K,28.0,0
2021-06-07 03:21:18,30K,30.0,0
2021-06-07 03:21:19,30K,32.0,0
2021-06-07 03:21:20,30K,34.0,0
2021-06-07 03:21:21,30K,33.0,0
2021-06-07 03:21:22,30K,34.0,0
2021-06-07 03:21:23,30K,33.0,0
2021-06-07 03:21:24,30K,32.0,0
2021-06-07 03:21:25,30K,35.0,0
2021-06-07 03:21:26,30K,35.0,0
2021-06-07 03:21:27,30K,39.0,0
2021-06-07 03:21:28,30K,41.0,0
2021-06-07 03:21:29,30K,40.0,0
2021-06-07 03:21:30,30K,40.0,0
2021-06-07 03:21:31,30K,40.0,0
2021-06-07 03:21:32,30K,41.0,0
2021-06-07 03:21:33,30K,40.0,0
2021-06-07 03:21:34,30K,41.0,0
2021-06-07 03:21:36,30K,41.0,0
2021-06-07 03:21:37,30K,41.0,0
2021-06-07 03:21:38,30K,42.0,0
2021-06-07 03:21:39,30K,41.0,0
2021-06-07 03:21:40,30K,43.0,0
2021-06-07 03:21:41,30K,43.0,0
2021-06-07 03:21:42,30K,43.0,0
2021-06-07 03:21:43,30K,41.0,0
2021-06-07 03:21:44,30K,42.0,0
2021-06-07 03:21:45,30K,40.0,0
2021-06-07 03:21:46,30K,43.0,0
2021-06-07 03:21:47,30K,41.0,0
2021-06-07 03:21:48,30K,42.0,0
2021-06-07 03:21:49,30K,43.0,0
2021-06-07 03:21:50,30K,40.0,0
2021-06-07 03:21:51,30K,41.0,0
2021-06-07 03:21:52,30K,40.0,0
2021-06-07 03:21:53,30K,42.0,0
2021-06-07 03:21:54,30K,41.0,0
2021-06-07 03:21:55,30K,41.0,0
2021-06-07 03:21:56,30K,44.0,0
2021-06-07 03:21:57,30K,42.0,0
2021-06-07 03:21:58,30K,42.0,0
2021-06-07 03:21:59,30K,41.0,0
2021-06-07 03:22:00,30K,40.0,0
2021-06-07 03:22:01,30K,40.0,0
2021-06-07 03:22:02,30K,43.0,0
2021-06-07 03:22:03,30K,43.0,0
2021-06-07 03:22:04,30K,40.0,0
2021-06-07 03:22:05,30K,43.0,0
2021-06-07 03:22:06,30K,42.0,0
2021-06-07 03:22:07,30K,42.0,0
2021-06-07 03:22:08,30K,42.0,0
2021-06-07 03:22:09,30K,43.0,0
2021-06-07 03:22:10,30K,42.0,0
2021-06-07 03:22:11,30K,43.0,0
2021-06-07 03:22:12,30K,43.0,0
2021-06-07 03:22:13,30K,43.0,0
2021-06-07 03:22:14,30K,42.0,0
2021-06-07 03:22:15,30K,42.0,0
2021-06-07 03:22:16,30K,42.0,0
2021-06-07 03:22:17,30K,40.0,0
2021-06-07 03:22:19,30K,41.0,0
2021-06-07 03:22:20,30K,40.0,0
2021-06-07 03:22:21,30K,41.0,0
2021-06-07 03:22:22,30K,39.0,0
2021-06-07 03:22:23,30K,39.0,0
2021-06-07 03:22:24,30K,39.0,0
2021-06-07 03:22:25,30K,39.0,0
2021-06-07 03:22:26,30K,37.0,0
2021-06-07 03:22:27,30K,37.0,0
2021-06-07 03:22:28,30K,36.0,0
2021-06-07 03:22:29,30K,34.0,0
2021-06-07 03:22:30,30K,36.0,0
2021-06-07 03:22:31,30K,34.0,0
2021-06-07 03:22:32,30K,33.0,0
2021-06-07 03:22:33,30K,33.0,0
2021-06-07 03:22:34,30K,33.0,0
2021-06-07 03:22:35,30K,34.0,0
2021-06-07 03:22:36,30K,31.0,0
2021-06-07 03:22:37,30K,32.0,0
2021-06-07 03:22:38,30K,31.0,0
2021-06-07 03:22:39,30K,32.0,0
2021-06-07 03:22:40,30K,35.0,0
2021-06-07 03:22:41,30K,36.0,0
2021-06-07 03:22:43,30K,35.0,0
2021-06-07 03:22:44,30K,35.0,0
2021-06-07 03:22:45,30K,37.0,0
2021-06-07 03:22:46,30K,36.0,0
2021-06-07 03:22:47,30K,36.0,0
2021-06-07 03:22:48,30K,36.0,0
2021-06-07 03:22:49,30K,37.0,0
2021-06-07 03:22:50,30K,39.0,0
2021-06-07 03:22:51,30K,40.0,0
2021-06-07 03:22:52,30K,42.0,0
2021-06-07 03:22:53,30K,43.0,0
2021-06-07 03:22:54,30K,42.0,0
2021-06-07 03:22:55,30K,42.0,0
2021-06-07 03:22:56,30K,43.0,0
2021-06-07 03:22:57,30K,44.0,0
2021-06-07 03:22:59,30K,45.0,0
2021-06-07 03:23:00,30K,44.0,0
2021-06-07 03:23:01,30K,43.0,0
2021-06-07 03:23:02,30K,42.0,0
2021-06-07 03:23:03,30K,42.0,0
2021-06-07 03:23:04,30K,43.0,0
2021-06-07 03:23:05,30K,44.0,0
2021-06-07 03:23:06,30K,43.0,0
2021-06-07 03:23:07,30K,43.0,0
2021-06-07 03:23:08,30K,44.0,0
2021-06-07 03:23:09,60K,42.0,0
2021-06-07 03:23:10,60K,36.0,0
2021-06-07 03:23:11,60K,31.0,0
2021-06-07 03:23:12,60K,27.0,0
2021-06-07 03:23:13,60K,24.0,0
2021-06-07 03:23:14,60K,21.0,0
2021-06-07 03:23:15,60K,17.0,0
2021-06-07 03:23:16,60K,13.0,0
2021-06-07 03:23:17,60K,9.0,0
2021-06-07 03:23:18,60K,10.0,0
2021-06-07 03:23:19,60K,8.0,0
2021-06-07 03:23:20,60K,6.0,0
2021-06-07 03:23:21,60K,8.0,0
2021-06-07 03:23:22,60K,8.0,0
2021-06-07 03:23:23,60K,9.0,0
2021-06-07 03:23:24,60K,11.0,0
2021-06-07 03:23:25,60K,11.0,0
2021-06-07 03:23:26,60K,9.0,0
2021-06-07 03:23:27,60K,8.0,0
2021-06-07 03:23:28,60K,10.0,0
2021-06-07 03:23:29,60K,10.0,0
2021-06-07 03:23:30,60K,7.0,0
2021-06-07 03:23:31,60K,6.0,0
2021-06-07 03:23:32,60K,8.0,0
2021-06-07 03:23:33,60K,11.0,0
2021-06-07 03:23:34,60K,11.0,0
2021-06-07 03:23:35,60K,11.0,0
2021-06-07 03:23:36,60K,10.0,0
2021-06-07 03:23:37,60K,11.0,0
2021-06-07 03:23:38,60K,10.0,0
2021-06-07 03:23:39,60K,9.0,0
2021-06-07 03:23:40,60K,9.0,0
2021-06-07 03:23:41,60K,8.0,0
2021-06-07 03:23:42,60K,9.0,0
2021-06-07 03:23:43,60K,10.0,0
2021-06-07 03:23:44,60K,10.0,0
2021-06-07 03:23:45,60K,11.0,0
2021-06-07 03:23:46,60K,8.0,0
2021-06-07 03:23:47,60K,8.0,0
2021-06-07 03:23:48,60K,9.0,0
2021-06-07 03:23:49,60K,10.0,0
2021-06-07 03:23:50,60K,9.0,0
2021-06-07 03:23:51,60K,6.0,0
2021-06-07 03:23:52,120K,7.0,0
2021-06-07 03:23:53,120K,10.0,0
2021-06-07 03:23:54,120K,9.0,0
2021-06-07 03:23:56,120K,7.0,0
2021-06-07 03:23:57,120K,7.0,0
2021-06-07 03:23:58,120K,8.0,0
2021-06-07 03:23:59,120K,9.0,0
2021-06-07 03:24:00,120K,6.0,0
2021-06-07 03:24:01,120K,8.0,0
2021-06-07 03:24:03,120K,8.0,0
2021-06-07 03:24:04,120K,8.0,0
2021-06-07 03:24:05,120K,9.0,0
2021-06-07 03:24:06,120K,7.0,0
2021-06-07 03:24:07,120K,8.0,0
2021-06-07 03:24:08,120K,9.0,0
2021-06-07 03:24:09,120K,9.0,0
2021-06-07 03:24:10,120K,7.0,0
2021-06-07 03:24:11,120K,7.0,0
2021-06-07 03:24:12,120K,7.0,0
2021-06-07 03:24:13,120K,6.0,0
2021-06-07 03:24:14,120K,8.0,0
2021-06-07 03:24:15,120K,10.0,0
2021-06-07 03:24:16,120K,8.0,0
2021-06-07 03:24:17,120K,7.0,0
2021-06-07 03:24:18,120K,7.0,0
2021-06-07 03:24:19,120K,8.0,0
2021-06-07 03:24:20,120K,8.0,0
2021-06-07 03:24:21,120K,9.0,0
2021-06-07 03:24:22,120K,10.0,0
2021-06-07 03:24:23,120K,10.0,0
2021-06-07 03:24:25,120K,7.0,0
2021-06-07 03:24:26,120K,6.0,0
2021-06-07 03:24:27,120K,8.0,0
2021-06-07 03:24:28,120K,7.0,0
2021-06-07 03:24:29,120K,6.0,0
2021-06-07 03:24:30,120K,9.0,0
2021-06-07 03:24:31,120K,8.0,0
2021-06-07 03:24:32,120K,6.0,0
2021-06-07 03:24:33,120K,6.0,0
2021-06-07 03:24:34,120K,8.0,0
2021-06-07 03:24:35,120K,10.0,0
2021-06-07 03:24:36,120K,9.0,0
2021-06-07 03:24:37,120K,9.0,0
2021-06-07 03:24:38,120K,8.0,0
2021-06-07 03:24:39,120K,8.0,0
2021-06-07 03:24:40,120K,9.0,0
2021-06-07 03:24:41,120K,9.0,0
2021-06-07 03:24:42,120K,7.0,0
2021-06-07 03:24:43,120K,6.0,0
2021-06-07 03:24:44,120K,7.0,0
2021-06-07 03:24:45,120K,6.0,0
2021-06-07 03:24:46,120K,7.0,0
2021-06-07 03:24:47,120K,9.0,0
2021-06-07 03:24:48,120K,6.0,0
2021-06-07 03:24:49,120K,5.0,0
2021-06-07 03:24:50,120K,8.0,0
2021-06-07 03:24:51,120K,8.0,0
2021-06-07 03:24:52,120K,7.0,0
2021-06-07 03:24:53,120K,10.0,0
2021-06-07 03:24:54,120K,10.0,0
2021-06-07 03:24:55,120K,8.0,0
2021-06-07 03:24:56,120K,8.0,0
2021-06-07 03:24:57,120K,7.0,0
2021-06-07 03:24:58,120K,7.0,0
2021-06-07 03:24:59,120K,7.0,0
2021-06-07 03:25:00,120K,7.0,0
2021-06-07 03:25:02,120K,7.0,0
2021-06-07 03:25:03,120K,8.0,0
2021-06-07 03:25:04,120K,8.0,0
2021-06-07 03:25:05,120K,9.0,0
2021-06-07 03:25:06,240K,7.0,0
2021-06-07 03:25:07,240K,6.0,0
2021-06-07 03:25:08,240K,9.0,0
2021-06-07 03:25:09,240K,9.0,0
2021-06-07 03:25:10,240K,8.0,0
2021-06-07 03:25:11,240K,8.0,0
2021-06-07 03:25:12,240K,10.0,0
2021-06-07 03:25:13,240K,10.0,0
2021-06-07 03:25:14,240K,7.0,0
2021-06-07 03:25:15,240K,7.0,0
2021-06-07 03:25:16,240K,8.0,0
2021-06-07 03:25:17,240K,9.0,0
2021-06-07 03:25:18,240K,10.0,0
2021-06-07 03:25:19,240K,10.0,0
2021-06-07 03:25:20,240K,0.0,0
2021-06-07 03:25:21,240K,0.0,0
2021-06-07 03:25:22,60K,0.0,0
2021-06-07 03:25:23,60K,0.0,0
2021-06-07 03:25:24,60K,0.0,0
2021-06-07 03:25:25,60K,0.0,0
2021-06-07 03:25:26,60K,0.0,0
2021-06-07 03:25:27,60K,0.0,0
2021-06-07 03:25:28,60K,0.0,0
2021-06-07 03:25:29,240K,0.0,0
2021-06-07 03:25:30,240K,0.0,0
2021-06-07 03:25:31,240K,0.0,0
2021-06-07 03:25:32,240K,1.0,0
2021-06-07 03:25:33,240K,1.0,0
2021-06-07 03:25:34,240K,1.0,0
2021-06-07 03:25:35,240K,2.0,0
2021-06-07 03:25:36,240K,1.0,0
2021-06-07 03:25:37,240K,1.0,0
2021-06-07 03:25:38,240K,1.0,0
2021-06-07 03:25:39,240K,1.0,0
2021-06-07 03:25:40,240K,1.0,0
2021-06-07 03:25:41,240K,1.0,0
2021-06-07 03:25:42,240K,2.0,0
2021-06-07 03:25:44,240K,1.0,0
2021-06-07 03:25:45,240K,1.0,0
2021-06-07 03:25:46,240K,2.0,0
2021-06-07 03:25:47,240K,1.0,0
2021-06-07 03:25:48,240K,1.0,0
2021-06-07 03:25:49,240K,1.0,0
2021-06-07 03:25:50,240K,4.0,0
2021-06-07 03:25:51,240K,7.0,0
2021-06-07 03:25:52,240K,8.0,0
2021-06-07 03:25:53,240K,10.0,0
2021-06-07 03:25:54,240K,10.0,0
2021-06-07 03:25:55,240K,8.0,0
2021-06-07 03:25:56,240K,10.0,0
2021-06-07 03:25:57,240K,8.0,0
2021-06-07 03:25:58,240K,10.0,0
2021-06-07 03:25:59,240K,10.0,0
2021-06-07 03:26:00,240K,8.0,0
2021-06-07 03:26:01,240K,10.0,0
2021-06-07 03:26:02,240K,10.0,0
2021-06-07 03:26:03,240K,9.0,0
2021-06-07 03:26:04,240K,8.0,0
2021-06-07 03:26:05,240K,9.0,0
2021-06-07 03:26:06,240K,9.0,0
2021-06-07 03:26:07,240K,8.0,0
2021-06-07 03:26:08,240K,8.0,0
2021-06-07 03:26:09,240K,7.0,0
2021-06-07 03:26:10,240K,7.0,0
2021-06-07 03:26:11,240K,8.0,0
2021-06-07 03:26:12,240K,9.0,0
2021-06-07 03:26:13,240K,8.0,0
2021-06-07 03:26:14,240K,9.0,0
2021-06-07 03:26:15,240K,8.0,0
2021-06-07 03:26:16,240K,5.0,0
2021-06-07 03:26:17,240K,8.0,0
2021-06-07 03:26:18,240K,7.0,0
2021-06-07 03:26:19,240K,8.0,0
2021-06-07 03:26:20,240K,9.0,0
2021-06-07 03:26:21,240K,9.0,0
2021-06-07 03:26:22,240K,10.0,0
2021-06-07 03:26:23,240K,8.0,0
2021-06-07 03:26:24,240K,10.0,0
2021-06-07 03:26:25,240K,10.0,0
2021-06-07 03:26:26,240K,8.0,0
2021-06-07 03:26:27,240K,10.0,0
2021-06-07 03:26:29,240K,7.0,0
2021-06-07 03:26:30,240K,8.0,0
2021-06-07 03:26:31,240K,8.0,0
2021-06-07 03:26:32,240K,8.0,0
2021-06-07 03:26:33,240K,8.0,0
2021-06-07 03:26:34,240K,7.0,0
2021-06-07 03:26:35,240K,7.0,0
2021-06-07 03:26:36,240K,9.0,0
2021-06-07 03:26:37,240K,10.0,0
2021-06-07 03:26:38,240K,8.0,0
2021-06-07 03:26:39,240K,7.0,0
2021-06-07 03:26:40,240K,9.0,0
2021-06-07 03:26:41,240K,10.0,0
2021-06-07 03:26:42,240K,10.0,0
2021-06-07 03:26:43,240K,12.0,0
2021-06-07 03:26:44,240K,12.0,0
2021-06-07 03:26:45,240K,9.0,0
2021-06-07 03:26:46,240K,8.0,0
2021-06-07 03:26:47,240K,9.0,0
2021-06-07 03:26:48,240K,9.0,0
2021-06-07 03:26:49,240K,10.0,0
2021-06-07 03:26:50,240K,8.0,0
2021-06-07 03:26:51,240K,7.0,0
2021-06-07 03:26:52,240K,6.0,0
2021-06-07 03:26:53,240K,7.0,0
2021-06-07 03:26:54,240K,9.0,0
2021-06-07 03:26:55,240K,7.0,0
2021-06-07 03:26:56,240K,8.0,0
2021-06-07 03:26:57,240K,7.0,0
2021-06-07 03:26:58,240K,9.0,0
2021-06-07 03:26:59,240K,9.0,0
2021-06-07 03:27:00,240K,10.0,0
2021-06-07 03:27:01,240K,13.0,0
2021-06-07 03:27:02,240K,12.0,0
2021-06-07 03:27:03,240K,12.0,0
2021-06-07 03:27:04,240K,12.0,0
2021-06-07 03:27:05,240K,7.0,0
2021-06-07 03:27:06,240K,3.0,0
2021-06-07 03:27:07,240K,1.0,0
2021-06-07 03:27:08,240K,1.0,0
2021-06-07 03:27:09,240K,1.0,0
2021-06-07 03:27:10,240K,1.0,0
2021-06-07 03:27:11,240K,2.0,0
2021-06-07 03:27:12,240K,1.0,0
2021-06-07 03:27:14,240K,1.0,0
2021-06-07 03:27:15,240K,1.0,0
2021-06-07 03:27:16,240K,1.0,0
2021-06-07 03:27:17,240K,2.0,0
2021-06-07 03:27:18,240K,1.0,0
2021-06-07 03:27:19,240K,1.0,0
2021-06-07 03:27:20,240K,1.0,0
2021-06-07 03:27:21,240K,1.0,0
2021-06-07 03:27:22,240K,1.0,0
2021-06-07 03:27:23,240K,1.0,0
2021-06-07 03:27:24,240K,2.0,0
2021-06-07 03:27:25,240K,1.0,0
2021-06-07 03:27:26,240K,1.0,0
2021-06-07 03:27:27,240K,1.0,0
2021-06-07 03:27:28,240K,1.0,0
2021-06-07 03:27:29,240K,1.0,0
2021-06-07 03:27:30,240K,1.0,0
2021-06-07 03:27:31,240K,1.0,0
2021-06-07 03:27:32,240K,1.0,0
2021-06-07 03:27:33,240K,1.0,0
2021-06-07 03:27:34,240K,1.0,0
2021-06-07 03:27:35,240K,1.0,0
2021-06-07 03:27:36,240K,1.0,0
2021-06-07 03:27:37,240K,1.0,0
2021-06-07 03:27:38,240K,1.0,0
